수준,동형어번호,표출 어휘
고급,0,가01
중급,0,-가02
고급,0,-가04
고급,0,-가06
초급,0,가게
초급,0,가격02
고급,0,가계02
고급,0,가곡
고급,0,가공01
고급,0,가구01
초급,0,가구02
고급,0,가급적01/가급적02
고급,0,가까스로
중급,0,가까이01/가까이02
초급,0,가깝다
중급,0,가꾸다
초급,0,가끔
중급,0,가난
고급,0,가냘프다
고급,0,가누다
고급,0,가느다랗다
초급,0,가늘다
고급,0,가늠
중급,0,가능
중급,0,가능성
초급,0,가다01
고급,0,가다듬다
고급,0,가닥
고급,0,가담
고급,0,가동
초급,0,가득
중급,0,가득하다
중급,0,가득히
고급,0,가뜩이나
중급,0,가라앉다
고급,0,가라앉히다
중급,0,-가량
고급,0,가려내다
중급,0,가렵다
고급,0,가령
중급,0,가로01/가로02
중급,0,가로등
중급,0,가로막다
고급,0,가로수
고급,0,가로지르다
고급,0,가로채다
중급,0,가루
중급,0,가르다
초급,0,가르치다
고급,0,가르침
고급,0,가리다01
중급,0,가리다02
중급,0,가리다03
초급,0,가리키다
중급,0,가만01
중급,0,가만있다
중급,0,가만히
고급,0,가면
고급,0,가문
중급,0,가뭄
초급,0,가방
초급,0,가볍다
고급,0,가부장적01/가부장적02
고급,0,가쁘다
고급,0,가사01
중급,0,가사03
고급,0,가상
고급,0,가설03
고급,0,가세01
고급,0,가속
고급,0,가속화
초급,0,가수
중급,0,가스
중급,0,가스레인지
초급,0,가슴
중급,0,가습기
고급,0,가시01
고급,0,가시다
고급,0,가식적01/가식적02
고급,0,가야금
고급,0,가열
고급,0,가엾다
고급,0,가옥
초급,0,가요
고급,0,가요계
초급,0,가운데
초급,0,가위01
초급,0,가을
중급,0,가입
중급,0,가입자
초급,0,가장01
중급,0,가장02
고급,0,가장자리
중급,0,가전제품
중급,0,가정01
중급,0,가정02
중급,0,가정주부
초급,0,가져가다
중급,0,가져다주다
초급,0,가져오다
초급,0,가족
중급,0,가죽
고급,0,가중
중급,0,가지01
초급,0,가지03
초급,0,가지다01
고급,0,가지런히
중급,0,가짜
고급,0,가창력
고급,0,가책
고급,0,가축
고급,0,가출
중급,0,가치
중급,0,가치관
중급,0,가톨릭
고급,0,가파르다
고급,0,가하다01
고급,0,가해자
고급,0,가혹00
고급,0,가훈
고급,0,가히
중급,0,각01
고급,0,각02
초급,0,각각02/각각01
고급,0,각계
고급,0,각계각층
고급,0,각광
중급,0,각국
고급,0,각기01/각기02
고급,0,각도
고급,0,각박하다
고급,0,각별하다
고급,0,각별히
고급,0,각본
고급,0,각성
고급,0,각양각색
중급,0,각오
중급,0,각자01/각자02
중급,0,각종
고급,0,각지
중급,0,-간
중급,0,간01
중급,0,간03
중급,0,간04
고급,0,간간이
중급,0,간격
고급,0,간결하다
고급,0,간과하다
초급,0,간단하다
초급,0,간단히
고급,0,간담회
고급,0,간략하다
고급,0,간밤
고급,0,간부
중급,0,간섭
고급,0,간소하다
초급,0,간식
중급,0,간신히
초급,0,간장01
중급,0,간절하다
고급,0,간절히
고급,0,간접
중급,0,간접적01/간접적02
고급,0,간주01
중급,0,간지럽다
고급,0,간직00
고급,0,간첩
중급,0,간판
중급,0,간편하다
중급,0,간호
초급,0,간호사
중급,0,간혹02/간혹01
중급,0,갇히다
중급,0,갈다01
고급,0,갈다02
고급,0,갈대
중급,0,갈등
중급,0,갈라지다
고급,0,갈래
고급,0,갈망
초급,0,갈비
초급,0,갈비탕
초급,0,갈색
중급,0,갈수록
초급,0,갈아입다
초급,0,갈아타다
중급,0,갈증
고급,0,갈피
중급,0,-감
초급,0,감01
고급,0,감03
중급,0,감각
고급,0,감격
고급,0,감격스럽다
고급,0,감금
초급,0,감기
고급,0,감기다02
초급,0,감기약
초급,0,감다01
초급,0,감다02
중급,0,감다03
고급,0,감당
중급,0,감독
고급,0,감돌다
중급,0,감동
중급,0,감동적01/감동적02
고급,0,감량
고급,0,감면
고급,0,감명
고급,0,감미롭다
초급,0,감사01
고급,0,감사03
고급,0,감상01
중급,0,감상03
중급,0,감상문
고급,0,감상적01/감상적02
고급,0,감성
고급,0,감성적01/감성적02
중급,0,감소
고급,0,감소세00
고급,0,감수01
고급,0,감수성
중급,0,감시
중급,0,감싸다
고급,0,감안
고급,0,감언이설
고급,0,감염
중급,0,감옥
고급,0,감원
초급,0,감자01
중급,0,감정01
고급,0,감정적01/감정적02
고급,0,감지
고급,0,감쪽같이
고급,0,감촉
중급,0,감추다
고급,0,감축
고급,0,감탄
고급,0,감탄사
고급,0,감하다
고급,0,감회
중급,0,감히
고급,0,갑01
고급,0,갑갑하다
초급,0,갑자기
중급,0,갑작스럽다
초급,0,값
중급,0,값싸다
고급,0,값어치
고급,0,값지다
고급,0,갓02
초급,0,강
고급,0,강간
고급,0,강국
고급,0,강당
고급,0,강대국
고급,0,강도02
중급,0,강도03
고급,0,강력00
고급,0,강력히
고급,0,강렬하다
중급,0,강물
중급,0,강사02
고급,0,강산01
고급,0,강세
중급,0,강수량
초급,0,강아지
고급,0,강압
고급,0,강연
중급,0,강요
고급,0,강우량
중급,0,강의
중급,0,강의실
고급,0,강인하다
고급,0,강자
고급,0,강점02
중급,0,강제
고급,0,강제적01/강제적02
중급,0,강조
고급,0,강좌
고급,0,강직하다
고급,0,강풍
초급,0,강하다02
고급,0,강행
고급,0,강화
중급,0,갖가지
초급,0,갖다01
고급,0,갖은
중급,0,갖추다
초급,0,같다
초급,0,같이01
초급,0,갚다
초급,0,개01
초급,0,개03
고급,0,개강
고급,0,개개인
고급,0,개관01
고급,0,개괄적01/개괄적02
중급,0,개구리
고급,0,개국01
고급,0,개그
중급,0,개나리
중급,0,개념
중급,0,개다01
중급,0,개다03
고급,0,개량
고급,0,개막
고급,0,개막식
중급,0,개미
중급,0,개발
중급,0,개방
고급,0,개방적01/개방적02
중급,0,개별
고급,0,개별적01/개별적02
고급,0,개봉
중급,0,개선01
고급,0,개설
중급,0,개성
고급,0,개수
고급,0,개시02
고급,0,개신교
고급,0,개업
고급,0,개요
고급,0,개운하다
초급,0,개월
중급,0,개인
중급,0,개인적01/개인적02
고급,0,개인주의
고급,0,개입
고급,0,개작
고급,0,개장
고급,0,개정01
고급,0,개조01
고급,0,개척
고급,0,개체
중급,0,개최
고급,0,개통
고급,0,개편
고급,0,개표02
중급,0,개혁
중급,0,-객
중급,0,객관적01/객관적02
고급,0,객석
고급,0,객실
고급,0,객지
중급,0,걔
초급,0,거01
고급,0,거금01
초급,0,거기
중급,0,거꾸로
고급,0,거느리다
고급,0,거닐다
중급,0,거대
고급,0,거동
중급,0,거두다
중급,0,거들다
고급,0,거듭
고급,0,거듭나다
고급,0,거뜬하다
중급,0,거래
중급,0,거래처
고급,0,거론
고급,0,거룩하다
고급,0,거르다01
고급,0,거르다02
초급,0,거리01
고급,0,거리02
초급,0,거리03
고급,0,거리낌
고급,0,거만
고급,0,거문고
중급,0,거미
고급,0,거부02
고급,0,거부감
중급,0,거북이
고급,0,거북하다
고급,0,거세다
고급,0,거스르다01
중급,0,거스름돈
고급,0,거슬리다
고급,0,거시적01/거시적02
초급,0,거실
고급,0,거액
초급,0,거울
초급,0,거의02/거의01
고급,0,거인
초급,0,거절
고급,0,거주
고급,0,거주자
중급,0,거지
중급,0,거짓
초급,0,거짓말
고급,0,거창하다
고급,0,거처
중급,0,거치다
중급,0,거칠다
고급,0,거침없이
중급,0,거품
초급,0,걱정
고급,0,걱정거리
중급,0,걱정스럽다
고급,0,건00/건01
초급,0,건강
고급,0,건국
고급,0,건기
중급,0,건너
초급,0,건너가다
초급,0,건너다
초급,0,건너편
중급,0,건널목
중급,0,건네다
중급,0,건네주다
중급,0,건드리다
고급,0,건립
고급,0,건망증
초급,0,건물
고급,0,건방지다
중급,0,건설
고급,0,건설업
고급,0,건성01
고급,0,건수
고급,0,건의
고급,0,건장하다
고급,0,건전
중급,0,건전지
중급,0,건조02
중급,0,건지다
중급,0,건축
고급,0,건축가
고급,0,건축물
초급,0,걷다02
중급,0,걷다03
중급,0,걷다04
고급,0,걷어차다
고급,0,걷잡다
초급,0,걸다02
중급,0,걸레
고급,0,걸려들다
초급,0,걸리다01
고급,0,걸림돌
고급,0,걸맞다
초급,0,걸어가다
초급,0,걸어오다01
초급,0,걸음
고급,0,걸음걸이
고급,0,걸작
중급,0,걸치다
고급,0,걸터앉다
고급,0,걸핏하면
고급,0,검
고급,0,검거
중급,0,검다
고급,0,검문
중급,0,검사01
초급,0,검사02
중급,0,검색
고급,0,검소
초급,0,검은색
초급,0,검정01
고급,0,검증
고급,0,검진
고급,0,검찰
중급,0,검토
중급,0,겁
중급,0,겁나다
고급,0,겁내다
초급,0,것
초급,0,겉
중급,0,겉모습
고급,0,겉보기
중급,0,겉옷
중급,0,게01
중급,0,게다가01
중급,0,게시
중급,0,게시판
초급,0,게으르다
고급,0,게을리하다
초급,0,게임
고급,0,게재
고급,0,겨냥
고급,0,겨누다
고급,0,겨드랑이
고급,0,겨루다
고급,0,겨를
중급,0,겨우
초급,0,겨울
중급,0,겨울철
고급,0,격01/격02
중급,0,격려
고급,0,격렬하다
고급,0,격리
고급,0,격세지감
고급,0,격식
고급,0,격언
고급,0,격주
고급,0,격차
중급,0,겪다
고급,0,견고하다
고급,0,견과
중급,0,견디다
고급,0,견문
고급,0,견본
고급,0,견제
고급,0,견주다
중급,0,견학
중급,0,견해
초급,0,결과
중급,0,결국02/결국01
중급,0,결근
고급,0,결단
고급,0,결단력
중급,0,결론
고급,0,결말
고급,0,결별
고급,0,결부00
고급,0,결산
초급,0,결석
고급,0,결선
고급,0,결성
고급,0,결속
중급,0,결승
고급,0,결승선
고급,0,결승전
고급,0,결실
초급,0,결심
고급,0,결여
고급,0,결의01
고급,0,결의02
고급,0,결재
고급,0,결점
초급,0,결정01
고급,0,결정적01/결정적02
고급,0,결정짓다
중급,0,결제
중급,0,결코
고급,0,결핍
고급,0,결함
중급,0,결합
초급,0,결혼
초급,0,결혼식
중급,0,결혼식장
고급,0,겸
중급,0,겸손
고급,0,겸하다
고급,0,겸허
고급,0,겹
중급,0,겹치다
고급,0,-경01
고급,0,경각심
고급,0,경건하다
중급,0,경계01
고급,0,경계02
중급,0,경고
고급,0,경고문
고급,0,경공업
고급,0,경과
고급,0,경관
중급,0,경기01
초급,0,경기02
중급,0,경기장
중급,0,경력
고급,0,경련
고급,0,경로02
고급,0,경매
고급,0,경멸
고급,0,경보01
중급,0,경복궁
중급,0,경비01
고급,0,경비02
중급,0,경비실
고급,0,경사01
고급,0,경솔하다
고급,0,경시
고급,0,경악
고급,0,경연
중급,0,경영
고급,0,경영진
고급,0,경영학
중급,0,경우
고급,0,경위02
고급,0,경유01
고급,0,경이롭다
중급,0,경쟁
중급,0,경쟁력
고급,0,경쟁률
고급,0,경쟁자
고급,0,경쟁적01/경쟁적02
고급,0,경전
중급,0,경제
고급,0,경제권01
중급,0,경제력
고급,0,경제성
중급,0,경제적01/경제적02
고급,0,경제학
고급,0,경조사
고급,0,경주02
고급,0,경지
고급,0,경직
초급,0,경찰
중급,0,경찰관
초급,0,경찰서
고급,0,경찰청
고급,0,경청
초급,0,경치
고급,0,경쾌하다
고급,0,경품
중급,0,경향
초급,0,경험
고급,0,경험담
고급,0,경호
중급,0,곁01
고급,0,곁눈질
고급,0,곁들이다
고급,0,계00
고급,0,-계01
고급,0,-계04
중급,0,계곡
고급,0,계급
중급,0,계기01
초급,0,계단
초급,0,계란
고급,0,계발
초급,0,계산
중급,0,계산기
중급,0,계산대
초급,0,계속02/계속01
고급,0,계승
초급,0,계시다01
중급,0,계약
중급,0,계약금
고급,0,계열
초급,0,계절
중급,0,계좌
중급,0,계층
고급,0,계통
초급,0,계획
고급,0,계획적01/계획적02
고급,0,고00
고급,0,고02
고급,0,고-02
고급,0,고가02
고급,0,고가품
고급,0,고갈01
초급,0,고개01
고급,0,고개02
중급,0,고객
고급,0,고교생
고급,0,고구려
중급,0,고구마
중급,0,고국
중급,0,고궁
고급,0,고귀하다
중급,0,고급
중급,0,고급스럽다
초급,0,고기01
고급,0,고기압
고급,0,고기잡이
고급,0,고난
고급,0,고다
고급,0,고단하다
고급,0,고달프다
중급,0,고대01
고급,0,고대01 중세 근대
고급,0,고도00
중급,0,고독
고급,0,고되다
중급,0,고등
중급,0,고등어
초급,0,고등학교
초급,0,고등학생
중급,0,고래01
중급,0,고려01
고급,0,고려02
고급,0,고령
고급,0,고령화
고급,0,고루
초급,0,고르다01
고급,0,고르다03
고급,0,고리01
고급,0,고립
중급,0,고마워하다
초급,0,고맙다01
초급,0,고모
중급,0,고무01
고급,0,고무신
초급,0,고민
고급,0,고발
중급,0,고백
고급,0,고비
고급,0,고사하다00
고급,0,고상하다
중급,0,고생
고급,0,고생스럽다
고급,0,고소01
고급,0,고소득
중급,0,고소하다01
중급,0,고속
초급,0,고속버스
고급,0,고수01
고급,0,고스란히
고급,0,고심
고급,0,고아
고급,0,고아원
고급,0,고안
고급,0,고약하다
초급,0,고양이
고급,0,고온
중급,0,고요
고급,0,고요히
고급,0,고용
고급,0,고용00
고급,0,고원
고급,0,고위
중급,0,고유
고급,0,고의
고급,0,고이다
고급,0,고인02
고급,0,고작01/고작02
중급,0,고장01
초급,0,고장02
중급,0,고전01
중급,0,고정
고급,0,고조02
고급,0,고졸
고급,0,고지서
고급,0,고진감래
중급,0,고집
고급,0,고찰
고급,0,고체
중급,0,고추
초급,0,고추장
중급,0,고춧가루
고급,0,고충
중급,0,고층
초급,0,고치다
중급,0,고통
중급,0,고통스럽다
초급,0,고프다
고급,0,고학력
고급,0,고함
초급,0,고향
고급,0,고혈압
중급,0,곡01
고급,0,곡물
고급,0,곡선
중급,0,곡식
고급,0,곤경
고급,0,곤궁
고급,0,곤두세우다
중급,0,곤란
고급,0,곤욕
고급,0,곤충
초급,0,곧
중급,0,곧다
중급,0,곧바로
중급,0,곧이어
중급,0,곧잘
중급,0,곧장
중급,0,골04
중급,0,골고루
중급,0,골다
고급,0,골대
고급,0,골동품
고급,0,골머리
중급,0,골목
중급,0,골목길
고급,0,골짜기
고급,0,골치
고급,0,골칫거리
중급,0,골프
고급,0,곪다
중급,0,곰
고급,0,곰곰이
고급,0,곰팡이
중급,0,곱다01
고급,0,곱슬머리
중급,0,곱하다
초급,0,곳
중급,0,곳곳
고급,0,공00
초급,0,공01
중급,0,공03
중급,0,공간
고급,0,공간적01/공간적02
중급,0,공감
고급,0,공감대
중급,0,공개
고급,0,공개적01/공개적02
중급,0,공격
고급,0,공경
고급,0,공고02
고급,0,공고문
중급,0,공공
고급,0,공공시설
고급,0,공공연하다
중급,0,공공장소
중급,0,공과금
고급,0,공교육
고급,0,공군
고급,0,공권력
중급,0,공급
중급,0,공기02
중급,0,공기03
중급,0,공동
중급,0,공동체
고급,0,공략
고급,0,공로
고급,0,공룡
고급,0,공립
고급,0,공모01
초급,0,공무원
고급,0,공문
고급,0,공방02
고급,0,공백
초급,0,공부
중급,0,공사01
고급,0,공사장
고급,0,공산주의
고급,0,공산품
고급,0,공상
고급,0,공세
중급,0,공손하다
중급,0,공식
고급,0,공식적01/공식적02
고급,0,공약01
중급,0,공업
중급,0,공연
중급,0,공연장
고급,0,공연히
고급,0,공예
고급,0,공용어
초급,0,공원02
고급,0,공유02
고급,0,공익01
초급,0,공장
중급,0,공적01/공적02
고급,0,공적03
고급,0,공정02
고급,0,공정성
고급,0,공존
중급,0,공주
고급,0,공중01
고급,0,공중02
고급,0,공중위생
중급,0,공중전화
중급,0,공지01
고급,0,공직
초급,0,공짜
초급,0,공책
고급,0,공터
중급,0,공통
고급,0,공통적01/공통적02
중급,0,공통점
고급,0,공평하다
고급,0,공포01
중급,0,공포02
고급,0,공포감
고급,0,공학01
초급,0,공항
중급,0,공해01
고급,0,공허하다
고급,0,공헌
초급,0,공휴일
고급,0,-과
고급,0,과01
중급,0,과02
고급,0,과감하다
고급,0,과감히
초급,0,과거02
고급,0,과격하다
고급,0,과녁
고급,0,과다
고급,0,과대평가
고급,0,과도하다
중급,0,과로
중급,0,과목
고급,0,과민
고급,0,과반수
고급,0,과보호
고급,0,과부
중급,0,과소비
고급,0,과소평가
중급,0,과속
고급,0,과시
중급,0,과식
고급,0,과언
중급,0,과연
고급,0,과열
중급,0,과외
고급,0,과음
초급,0,과일
고급,0,과잉
초급,0,과자
중급,0,과장02
중급,0,과장03
중급,0,과정01
고급,0,과정02
중급,0,과제
고급,0,과찬
고급,0,과하다01
중급,0,과학
중급,0,과학자
중급,0,과학적01/과학적02
고급,0,-관01
중급,0,-관02
고급,0,관03
중급,0,-관03
중급,0,관객
초급,0,관계02
중급,0,관계없다
중급,0,관계없이
중급,0,관계있다
중급,0,관계자
고급,0,관공서
초급,0,관광
초급,0,관광객
초급,0,관광지
고급,0,관념
고급,0,관대하다02
중급,0,관람
중급,0,관람객
중급,0,관련
고급,0,관련자
고급,0,관련짓다
고급,0,관례02
고급,0,관료
고급,0,관리01
중급,0,관리02
고급,0,관세
고급,0,관습
초급,0,관심
중급,0,관심사
고급,0,관여
고급,0,관용03
고급,0,관용어
고급,0,관용적01/관용적02
고급,0,관절
중급,0,관점
고급,0,관중
고급,0,관직
중급,0,관찰
고급,0,관청
고급,0,관측
고급,0,관하다
고급,0,관행
고급,0,관형사
고급,0,관혼상제
중급,0,광경
초급,0,광고
고급,0,광범위하다
고급,0,광복
고급,0,광부
고급,0,광업
고급,0,광장
초급,0,광주
고급,0,광활하다
초급,0,괜찮다
중급,0,괜히
중급,0,괴로움
중급,0,괴로워하다
중급,0,괴롭다
중급,0,괴롭히다
고급,0,괴물
중급,0,굉장하다
중급,0,굉장히
고급,0,교감01
고급,0,교과
초급,0,교과서
중급,0,교내
중급,0,교대01
고급,0,교도소
고급,0,교란
중급,0,교류
고급,0,교묘하다
고급,0,교무실
중급,0,교복
초급,0,교사03
고급,0,교섭
초급,0,교수
중급,0,교시01
초급,0,교실
중급,0,교양
중급,0,교외01
고급,0,교원
초급,0,교육
고급,0,교육부
중급,0,교육비
고급,0,교육열
중급,0,교육자
고급,0,교육적01/교육적02
중급,0,교장
중급,0,교재
고급,0,교정04
고급,0,교제
고급,0,교직
중급,0,교체
초급,0,교통
초급,0,교통비
초급,0,교통사고
중급,0,교통수단
중급,0,교통편
중급,0,교포
초급,0,교환
고급,0,교활하다
초급,0,교회
중급,0,교훈02
고급,0,교훈적01/교훈적02
초급,0,구01/구02
중급,0,구05
고급,0,구06
고급,0,구간01
고급,0,구걸
고급,0,구겨지다
초급,0,구경
중급,0,구경거리
고급,0,구경꾼
고급,0,구급차
고급,0,구기
고급,0,구기다
고급,0,구내식당
고급,0,구독
초급,0,구두01
고급,0,구두02
고급,0,구두쇠
중급,0,구르다01
고급,0,구르다02
초급,0,구름
중급,0,구매
고급,0,구매자
중급,0,구멍
고급,0,구박
중급,0,구별
중급,0,구부리다
중급,0,구분
고급,0,구불구불하다00/구불구불하다
고급,0,구비02
고급,0,구사
고급,0,구사일생
고급,0,구상02
중급,0,구석
고급,0,구석구석
중급,0,구성
고급,0,구성원
중급,0,구세대
중급,0,구속01
중급,0,구수하다
고급,0,구슬
고급,0,구실01
초급,0,구십01/구십02
고급,0,구애02
고급,0,구어
중급,0,구역
고급,0,구원
초급,0,구월
고급,0,구인01
고급,0,구인난
중급,0,구입
고급,0,구절
고급,0,구제01
중급,0,구조01
중급,0,구조02
고급,0,구조적01/구조적02
고급,0,구직
고급,0,구직난00
고급,0,구직자00
고급,0,구청
중급,0,구체적01/구체적02
고급,0,구체화
고급,0,구축
고급,0,구출
고급,0,구태여
고급,0,구태의연하다
고급,0,구토
중급,0,구하다01
중급,0,구하다02
고급,0,구형03
고급,0,구호01
고급,0,구호02
초급,0,국
고급,0,-국01
고급,0,-국02
중급,0,국가01
고급,0,국가적01/국가적02
고급,0,국경
중급,0,국경일
고급,0,국고
고급,0,국군
중급,0,국기
초급,0,국내
중급,0,국내선
고급,0,국내외
고급,0,국도
고급,0,국력
중급,0,국립
고급,0,국무총리
중급,0,국물
중급,0,국민
고급,0,국민적01/국민적02
고급,0,국방
고급,0,국방부
고급,0,국보
고급,0,국비
중급,0,국산
고급,0,국세청
초급,0,국수
고급,0,국악
중급,0,국어
고급,0,국왕
중급,0,국외
고급,0,국익
고급,0,국장01
초급,0,국적
고급,0,국정02
초급,0,국제
중급,0,국제결혼
중급,0,국제선
고급,0,국제적01/국제적02
중급,0,국제화
고급,0,국토
고급,0,국한
중급,0,국화02
중급,0,국회
고급,0,군01/군02
고급,0,군03
중급,0,군04
고급,0,군계일학
중급,0,군대
중급,0,군데
고급,0,군데군데01/군데군데02
고급,0,군밤
중급,0,군사01
초급,0,군인
고급,0,군중
중급,0,굳다01
중급,0,굳어지다
중급,0,굳이
고급,0,굳히다
중급,0,굴02
고급,0,굴곡
고급,0,굴다
고급,0,굴뚝
고급,0,굴러가다
고급,0,굴레
고급,0,굴리다
초급,0,굵다
중급,0,굶다
고급,0,굶주리다
고급,0,굶주림
중급,0,굽
초급,0,굽다01
중급,0,굽히다
고급,0,궁02
고급,0,궁궐
고급,0,궁극적01/궁극적02
고급,0,궁금증
초급,0,궁금하다
고급,0,궁리
고급,0,궁중
고급,0,궂다
초급,0,권
고급,0,-권01
고급,0,-권02
중급,0,-권03
고급,0,권고
중급,0,권력
중급,0,권리
중급,0,권위
고급,0,권위적01/권위적02
중급,0,권유
고급,0,권익
고급,0,권장
고급,0,권총
고급,0,권태
고급,0,권투
중급,0,권하다
고급,0,권한
고급,0,궤도
초급,0,귀01
중급,0,귀가
고급,0,귀감
초급,0,귀걸이
중급,0,귀국
고급,0,귀납적01/귀납적02
중급,0,귀신
초급,0,귀여워하다
초급,0,귀엽다
고급,0,귀족
중급,0,귀중하다
초급,0,귀찮다
고급,0,귀천01
중급,0,귀하01/귀하02
중급,0,귀하다
고급,0,귀향
고급,0,귓속말
중급,0,규모
고급,0,규범
고급,0,규율
중급,0,규정
고급,0,규제
초급,0,규칙
중급,0,규칙적01/규칙적02
고급,0,균
중급,0,균형
초급,0,귤
초급,0,그02/그01
고급,0,그간
초급,0,그거
초급,0,그것
초급,0,그곳
중급,0,그나마
고급,0,그나저나
초급,0,그날
초급,0,그냥
중급,0,그네01
중급,0,그녀
중급,0,그늘
중급,0,그다지
중급,0,그대
초급,0,그대로
초급,0,그동안
초급,0,그때
고급,0,그때그때00/그때그때
초급,0,그래01
중급,0,그래도
초급,0,그래서01
고급,0,그래야00
중급,0,그래프
중급,0,그램
중급,0,그러게02
초급,0,그러나01
초급,0,그러니까
중급,0,그러다
초급,0,그러면01
초급,0,그러므로
중급,0,그럭저럭
초급,0,그런01
중급,0,그런대로
초급,0,그런데01
초급,0,그럼01
초급,0,그럼03
초급,0,그렇다
중급,0,그렇지01
초급,0,그렇지만
중급,0,그룹
고급,0,그르다01/그르다02
초급,0,그릇
고급,0,그릇되다
중급,0,그리01
고급,0,그리02
초급,0,그리고
고급,0,그리다01
초급,0,그리다02
중급,0,그리움
고급,0,그리하여
초급,0,그림
중급,0,그림자
중급,0,그림책
초급,0,그립다
초급,0,그만02
초급,0,그만두다
중급,0,그만큼01/그만큼02
중급,0,그만하다01
고급,0,그물
초급,0,그분
중급,0,그야말로
고급,0,그윽하다
중급,0,그저
초급,0,그저께02/그저께01
중급,0,그제01/그제02
중급,0,그제야
중급,0,그중
고급,0,그지없다
초급,0,그쪽
초급,0,그치다
중급,0,그토록
고급,0,극-
고급,0,극01
고급,0,극단적01/극단적02
고급,0,극대화
고급,0,극도
중급,0,극복
고급,0,극성
고급,0,극소수
고급,0,극심하다
초급,0,극장
고급,0,극적01/극적02
중급,0,극히
고급,0,근02
고급,0,근간03
중급,0,근거
고급,0,근검절약
중급,0,근교
중급,0,근대
중급,0,근데
중급,0,근래
고급,0,근력
고급,0,근로
중급,0,근로자
고급,0,근면
중급,0,근무
중급,0,근본
중급,0,근본적01/근본적02
고급,0,근사하다
고급,0,근시안
중급,0,근심
고급,0,근원
중급,0,근육
초급,0,근처
고급,0,근황
초급,0,글
초급,0,글쎄
초급,0,글쎄요
고급,0,글쓴이
초급,0,글씨
초급,0,글자
중급,0,긁다
고급,0,금01
중급,0,금02
중급,0,금03
고급,0,금기
중급,0,금년
고급,0,금리
고급,0,금메달
초급,0,금방
고급,0,금상첨화
고급,0,금세
고급,0,금속
고급,0,금시초문
중급,0,금액
중급,0,금연
초급,0,금요일
중급,0,금융
고급,0,금융업
고급,0,금의환향
고급,0,금전
초급,0,금지
고급,0,금지옥엽
중급,0,금하다
고급,0,급02
고급,0,급격하다
중급,0,급격히
고급,0,급급하다
고급,0,급기야
고급,0,급등
고급,0,급락
고급,0,급류
고급,0,급변
고급,0,급상승
고급,0,급성
고급,0,급속
고급,0,급속도
중급,0,급속히
고급,0,급식
고급,0,급여
중급,0,급증
초급,0,급하다
중급,0,급히
중급,0,긋다01
고급,0,긍정
중급,0,긍정적01/긍정적02
고급,0,긍지
고급,0,기01
고급,0,기03
고급,0,기04
고급,0,-기05
중급,0,-기07
초급,0,기간02
중급,0,기계
고급,0,기고
중급,0,기관
고급,0,기관00
고급,0,기관지
고급,0,기교
중급,0,기구01
고급,0,기구02
고급,0,기권
고급,0,기금
고급,0,기기01
고급,0,기꺼이
고급,0,기껏
고급,0,기내
중급,0,기념
중급,0,기념일
중급,0,기념품
고급,0,기념회
중급,0,기능02
고급,0,기능적01/기능적02
중급,0,기다
초급,0,기다리다
중급,0,기대
고급,0,기대감
중급,0,기대다01
고급,0,기도01
중급,0,기도02
중급,0,기독교
중급,0,기둥
고급,0,기량
고급,0,기력
중급,0,기록
고급,0,기류
초급,0,기르다
초급,0,기름
고급,0,기름기
고급,0,기름지다
고급,0,기리다
고급,0,기린
고급,0,기립
고급,0,기막히다
고급,0,기만
고급,0,기말
중급,0,기말시험
고급,0,기묘하다
고급,0,기미02
중급,0,기반
고급,0,기발하다
고급,0,기법
중급,0,기본
중급,0,기본적01/기본적02
중급,0,기부
고급,0,기부금
초급,0,기분
초급,0,기뻐하다
초급,0,기쁘다
초급,0,기쁨
중급,0,기사01
중급,0,기사02
고급,0,기상01
고급,0,기상청
고급,0,기색
고급,0,기성세대
고급,0,기세
초급,0,기숙사
중급,0,기술01
고급,0,기술02
중급,0,기술자
고급,0,기술적01/기술적02
고급,0,기습
고급,0,기아
고급,0,기압
고급,0,기약
고급,0,기어가다
고급,0,기어들다
고급,0,기어오르다
고급,0,기어이
고급,0,기어코
초급,0,기억
초급,0,기억나다
중급,0,기억력
중급,0,기업
중급,0,기업가
고급,0,기업체
중급,0,기여
초급,0,기온
고급,0,기와집
중급,0,기운01
중급,0,기울다
중급,0,기울이다
고급,0,기웃거리다
고급,0,기원01
중급,0,기원02
고급,0,기원전
고급,0,기원후
고급,0,기이하다
고급,0,기인하다
고급,0,기일02
초급,0,기자
고급,0,기저귀
중급,0,기적
고급,0,기절
고급,0,기점
중급,0,기존
중급,0,기준
고급,0,기증
중급,0,기지개
고급,0,기질
초급,0,기차
초급,0,기차역
초급,0,기차표
고급,0,기체01
중급,0,기초
초급,0,기침
중급,0,기타01
초급,0,기타02
고급,0,기특하다
고급,0,기틀
고급,0,기품01
고급,0,기피
고급,0,기필코
고급,0,기하다
고급,0,기한
고급,0,기행02
고급,0,기행문
고급,0,기호01
고급,0,기호02
고급,0,기호품
중급,0,기혼
초급,0,기회
중급,0,기획
중급,0,기후
중급,0,긴급
고급,0,긴밀하다
초급,0,긴장
고급,0,긴장감
중급,0,긴팔
초급,0,길01
중급,0,길가
중급,0,길거리
중급,0,길다01
초급,0,길다02
고급,0,길들이다
초급,0,길이01
고급,0,길쭉하다
중급,0,김01
초급,0,김02
초급,0,김밥
고급,0,김장
초급,0,김치
초급,0,김치찌개
고급,0,깃02
고급,0,깃들다
고급,0,깃발
고급,0,깃털
초급,0,깊다
고급,0,깊숙이
중급,0,깊이01
초급,0,깊이02
중급,0,까다01
중급,0,까다롭다
중급,0,까닭
고급,0,까딱
고급,0,까마득하다
초급,0,까만색
초급,0,까맣다
중급,0,까먹다
고급,0,까무러치다
고급,0,까치
초급,0,깎다
중급,0,깔끔하다
중급,0,깔다
중급,0,깔리다
중급,0,깜깜하다
중급,0,깜박하다
중급,0,깜빡
초급,0,깜짝02
고급,0,깜짝하다01
고급,0,깡충깡충
고급,0,깡통
중급,0,깨
초급,0,깨끗이
초급,0,깨끗하다
초급,0,깨다01
중급,0,깨다02
중급,0,깨닫다
중급,0,깨뜨리다
중급,0,깨물다
고급,0,깨소금
중급,0,깨어나다
중급,0,깨우다
고급,0,깨우치다
중급,0,깨지다
초급,0,꺼내다
고급,0,꺼리다
고급,0,꺼림칙하다
중급,0,꺼지다01
고급,0,꺼지다02
중급,0,꺾다
고급,0,꺾이다
초급,0,껌
고급,0,껍데기
중급,0,껍질
고급,0,-께
중급,0,껴안다
고급,0,껴입다
고급,0,꼬다
고급,0,꼬르륵
중급,0,꼬리
고급,0,꼬마
고급,0,꼬박01
고급,0,꼬박꼬박
고급,0,꼬이다02
고급,0,꼬집다
고급,0,꼬치꼬치
중급,0,꼭01
초급,0,꼭02
고급,0,꼭꼭01
중급,0,꼭대기
고급,0,-꼴
고급,0,꼴01
고급,0,꼴불견
고급,0,꼴찌
중급,0,꼼꼼하다
중급,0,꼼꼼히
중급,0,꼼짝
고급,0,꼼짝없이
중급,0,꼽다
중급,0,꼽히다
고급,0,꽁꽁
중급,0,꽂다
중급,0,꽂히다
초급,0,꽃
중급,0,꽃꽂이
초급,0,꽃다발
중급,0,꽃무늬
초급,0,꽃병
고급,0,꽃샘추위
중급,0,꽃잎
초급,0,꽃집
중급,0,꽉
중급,0,꽤
고급,0,꾀
고급,0,꾀하다
초급,0,꾸다01
중급,0,꾸다02
중급,0,꾸리다
중급,0,꾸미다
고급,0,꾸벅꾸벅01
중급,0,꾸준하다
중급,0,꾸준히
중급,0,꾸중
고급,0,꾸짖다
고급,0,꾹
고급,0,-꾼
중급,0,꿀
중급,0,꿇다
초급,0,꿈
중급,0,꿈꾸다
중급,0,꿈속
고급,0,꿈틀거리다
고급,0,꿰다
고급,0,꿰뚫다
고급,0,꿰매다
고급,0,뀌다
초급,0,끄다
중급,0,끄덕이다
고급,0,끄집어내다
중급,0,끈
고급,0,끈기
고급,0,끈끈하다
고급,0,끈질기다
중급,0,끊기다
초급,0,끊다
중급,0,끊어지다
고급,0,끊이다
중급,0,끊임없다
중급,0,끊임없이
중급,0,끌다
고급,0,끌려가다
중급,0,끌리다
고급,0,끌어내다
중급,0,끌어당기다
고급,0,끌어들이다
중급,0,끌어안다
고급,0,끌어올리다
초급,0,끓다
고급,0,끓어오르다
초급,0,끓이다
고급,0,끔찍이
고급,0,끔찍하다
초급,0,끝
초급,0,끝나다
중급,0,끝내
초급,0,끝내다
고급,0,끝맺다
중급,0,끝없다
중급,0,끝없이
고급,0,끝장
중급,0,끼01
고급,0,끼니
중급,0,끼다01
중급,0,끼다02
초급,0,끼다03
고급,0,-끼리
중급,0,끼어들다
고급,0,끼얹다
중급,0,끼우다
중급,0,끼이다
중급,0,끼치다01
중급,0,끼치다02
초급,0,나01/나00
초급,0,나가다01
고급,0,나그네
고급,0,나날
고급,0,나날이
초급,0,나누다
중급,0,나뉘다
초급,0,나다01
고급,0,나돌다
고급,0,나들이
초급,0,나라
중급,0,나란히
중급,0,나르다
고급,0,나른하다
중급,0,나름
초급,0,나머지
초급,0,나무
중급,0,나무라다
중급,0,나물01
중급,0,나뭇가지
중급,0,나뭇잎
고급,0,나부끼다
중급,0,나비03
중급,0,나빠지다
초급,0,나쁘다
중급,0,나서다
중급,0,나아가다
중급,0,나아지다
고급,0,나약하다
고급,0,나열
초급,0,나오다
초급,0,나이
중급,0,나이프
초급,0,나중
고급,0,나지막하다
고급,0,나침반
초급,0,나타나다
중급,0,나타내다
초급,0,나흘
고급,0,낙
고급,0,낙관02
고급,0,낙관적01/낙관적02
고급,0,낙방
고급,0,낙서
고급,0,낙심
중급,0,낙엽
고급,0,낙원
고급,0,낙제
고급,0,낙천적01/낙천적02
고급,0,낙타
고급,0,낙태
고급,0,낙후
고급,0,낚다
초급,0,낚시
고급,0,낚시터
고급,0,-난
고급,0,난01
고급,0,난간
고급,0,난감하다
고급,0,난관02
고급,0,난데없이
중급,0,난로
중급,0,난리
중급,0,난방
고급,0,난생
중급,0,난처하다
고급,0,난청
고급,0,난치병
고급,0,난폭
초급,0,날01/날02
중급,0,날개
초급,0,날다
고급,0,날뛰다
고급,0,날로01
중급,0,날리다01
중급,0,날리다02
초급,0,날씨
초급,0,날씬하다
중급,0,날아가다
중급,0,날아다니다
고급,0,날아들다
중급,0,날아오다
고급,0,날아오르다
초급,0,날짜
중급,0,날카롭다
중급,0,낡다
초급,0,남01
중급,0,남02
중급,0,남03
고급,0,남극
초급,0,남기다
고급,0,남김없이
초급,0,남녀
고급,0,남녀노소
고급,0,남녀평등
초급,0,남다
고급,0,남다르다
초급,0,남대문
초급,0,남동생
중급,0,남매
고급,0,남몰래
중급,0,남미
중급,0,남부
중급,0,남북
초급,0,남산
고급,0,남색
초급,0,남성
고급,0,남아
고급,0,남용
초급,0,남자02
고급,0,남짓
초급,0,남쪽
초급,0,남편
초급,0,남학생
고급,0,남한01
고급,0,남향
고급,0,납득
고급,0,납부
고급,0,납작하다
고급,0,납치
초급,0,낫다01
초급,0,낫다02
고급,0,낭독
고급,0,낭만
고급,0,낭만적01/낭만적02
중급,0,낭비
고급,0,낭송
고급,0,낭패
초급,0,낮
초급,0,낮다
초급,0,낮잠
중급,0,낮추다
고급,0,낯
중급,0,낯설다
고급,0,낯익다
고급,0,낱낱이
고급,0,낱말
중급,0,낳다01
초급,0,내03
중급,0,내05
고급,0,내걸다
초급,0,내과
고급,0,내기
중급,0,내내
초급,0,내년
중급,0,내놓다
초급,0,내다01
중급,0,내다보다
중급,0,내달
고급,0,내던지다
고급,0,내딛다
초급,0,내려가다
중급,0,내려놓다
중급,0,내려다보다
고급,0,내려서다
중급,0,내려앉다
초급,0,내려오다
고급,0,내륙
초급,0,내리다
고급,0,내리막길
고급,0,내리치다
고급,0,내막01
고급,0,내면
고급,0,내몰다
고급,0,내몰리다
중급,0,내밀다
고급,0,내뱉다
중급,0,내버리다
중급,0,내보내다
고급,0,내보이다02
고급,0,내복
중급,0,내부
고급,0,내비게이션00
고급,0,내비치다
고급,0,내뿜다
중급,0,내성적01/내성적02
중급,0,내세우다
고급,0,내쉬다
고급,0,내실02
고급,0,내심
고급,0,내역
고급,0,내오다
중급,0,내외01
초급,0,내용
고급,0,내용물
초급,0,내일01/내일02
고급,0,내장00
고급,0,내적01/내적02
고급,0,내젓다
중급,0,내주다
고급,0,내지01
고급,0,내지르다
중급,0,내쫓다
고급,0,내치다
고급,0,내키다
중급,0,내후년
중급,0,낼모레02/낼모레01
초급,0,냄비
초급,0,냄새
고급,0,냇가
고급,0,냉기
고급,0,냉담하다
고급,0,냉대02
중급,0,냉동
초급,0,냉면
중급,0,냉방
중급,0,냉수
초급,0,냉장고
고급,0,냉전
고급,0,냉정
중급,0,냉정하다01
고급,0,냉혹하다
초급,0,너01
중급,0,너그럽다
중급,0,너머
초급,0,너무
중급,0,너무나
고급,0,너무하다01/너무하다02
고급,0,너비
초급,0,너희
고급,0,넉
중급,0,넉넉하다
고급,0,넋
중급,0,널다
고급,0,널뛰기
중급,0,널리
고급,0,널리다
초급,0,넓다
중급,0,넓어지다
중급,0,넓이
고급,0,넓적하다
중급,0,넓히다
중급,0,넘겨주다
중급,0,넘기다
고급,0,넘나들다
초급,0,넘다
고급,0,넘보다
중급,0,넘어가다
중급,0,넘어뜨리다
중급,0,넘어서다
중급,0,넘어오다
초급,0,넘어지다
중급,0,넘치다
초급,0,넣다
초급,0,네01
초급,0,네02
고급,0,-네02
초급,0,네03
중급,0,네모
고급,0,네모나다
고급,0,네트워크
중급,0,네티즌
초급,0,넥타이
초급,0,넷
초급,0,넷째02/넷째01/넷째03
고급,0,-녀
중급,0,녀석
초급,0,년02
중급,0,년대
중급,0,년도
고급,0,년생
고급,0,노골적01/노골적02
고급,0,노년
중급,0,노동
고급,0,노동력
중급,0,노동자
초급,0,노란색
중급,0,노랑
초급,0,노랗다
초급,0,노래
초급,0,노래방
중급,0,노려보다
초급,0,노력01
고급,0,노령
고급,0,노른자
고급,0,노릇
고급,0,노리다01
고급,0,노부부
고급,0,노사00
중급,0,노선
중급,0,노선도
고급,0,노숙자
중급,0,노약자
고급,0,노여움
고급,0,노예
고급,0,노을
초급,0,노인
고급,0,노처녀
고급,0,노총각
고급,0,노출
고급,0,노크
초급,0,노트02
중급,0,노트북
고급,0,노폐물
고급,0,노하다
고급,0,노화
고급,0,노후02
중급,0,녹다
초급,0,녹색
고급,0,녹슬다
고급,0,녹아내리다
중급,0,녹음02
중급,0,녹음기
중급,0,녹이다
고급,0,녹지
초급,0,녹차
고급,0,녹초
중급,0,녹화02
고급,0,논
고급,0,논란
중급,0,논리
중급,0,논리적01/논리적02
고급,0,논문
고급,0,논밭
고급,0,논설문
고급,0,논술
중급,0,논의
중급,0,논쟁
고급,0,논증
고급,0,논평
고급,0,논하다
초급,0,놀다
초급,0,놀라다
중급,0,놀랍다
중급,0,놀리다01
중급,0,놀리다02
초급,0,놀이
중급,0,놀이공원
중급,0,놀이터
고급,0,놈01/놈02
고급,0,농가
고급,0,농경
초급,0,농구
초급,0,농담
고급,0,농도
중급,0,농민
중급,0,농부
중급,0,농사01
중급,0,농사일
중급,0,농산물
고급,0,농수산물
고급,0,농악
고급,0,농어촌
중급,0,농업
고급,0,농작물
고급,0,농장
중급,0,농촌
고급,0,농축산물
초급,0,높다
중급,0,높아지다
초급,0,높이01
초급,0,높이02
중급,0,높이다
중급,0,높임말
고급,0,높임법
초급,0,놓다01
중급,0,놓아두다
고급,0,놓아주다
중급,0,놓이다
중급,0,놓치다
중급,0,놔두다
중급,0,뇌
고급,0,뇌물
고급,0,뇌사
고급,0,뇌졸중
초급,0,누구
초급,0,누나
중급,0,누님
고급,0,누다
고급,0,누렇다
초급,0,누르다01
고급,0,누리다01
고급,0,누비다
고급,0,누이
고급,0,누전
고급,0,누출
초급,0,눈01
초급,0,눈04
중급,0,눈가
중급,0,눈감다
중급,0,눈길01
고급,0,눈꺼풀
고급,0,눈높이
중급,0,눈동자
중급,0,눈뜨다
초급,0,눈물
고급,0,눈물겹다
고급,0,눈발
중급,0,눈병
중급,0,눈부시다
중급,0,눈빛01
중급,0,눈사람
고급,0,눈사태
고급,0,눈살01
중급,0,눈싸움02
중급,0,눈썹
중급,0,눈앞
고급,0,눈여겨보다
고급,0,눈짓
고급,0,눈초리
고급,0,눈총
중급,0,눈치
고급,0,눈치채다00
고급,0,눌리다01
초급,0,눕다
중급,0,눕히다
고급,0,뉘우치다
초급,0,뉴스
중급,0,느긋하다
초급,0,느끼다02
중급,0,느끼하다
초급,0,느낌
고급,0,느닷없이
초급,0,느리다
고급,0,느슨하다
고급,0,늑대
초급,0,늘
초급,0,늘다
중급,0,늘리다
중급,0,늘어나다
중급,0,늘어놓다
고급,0,늘어뜨리다
중급,0,늘어서다
고급,0,늘어지다
중급,0,늘이다01
초급,0,늙다
고급,0,늠름하다
고급,0,능동적01/능동적02
초급,0,능력
고급,0,능률
고급,0,능사
고급,0,능숙하다
고급,0,능통하다
고급,0,능하다
중급,0,늦가을
중급,0,늦겨울
초급,0,늦다02/늦다01
중급,0,늦봄
중급,0,늦어지다
중급,0,늦여름
중급,0,늦잠
중급,0,늦추다
중급,0,님
중급,0,-님
고급,0,다-01
초급,0,다01/다02
중급,0,다가가다
중급,0,다가서다
중급,0,다가오다
고급,0,다국적
고급,0,다그치다
고급,0,다급하다
중급,0,다녀가다
초급,0,다녀오다
초급,0,다니다
고급,0,다다르다
고급,0,다다익선
중급,0,다듬다
고급,0,다량
중급,0,다루다
초급,0,다르다
초급,0,다른
중급,0,다름없다
고급,0,다름없이
초급,0,다리01
초급,0,다리02
중급,0,다리다
중급,0,다리미
중급,0,다림질
중급,0,다만
중급,0,다물다
고급,0,다발01
중급,0,다방
고급,0,다방면
고급,0,다분히
초급,0,다섯02/다섯01
초급,0,다섯째02/다섯째01/다섯째03
중급,0,다소02/다소01
중급,0,다수
고급,0,다스리다
초급,0,다시
고급,0,다시금
고급,0,다시다
초급,0,다양
고급,0,다양성
고급,0,다양화
중급,0,다운로드
초급,0,다음
초급,0,다음날
고급,0,다이빙
고급,0,다이아몬드
초급,0,다이어트
중급,0,다정
고급,0,다지다01
중급,0,다지다02
중급,0,다짐
고급,0,다짜고짜
고급,0,다채롭다
초급,0,다치다01
고급,0,다큐멘터리
중급,0,다투다
초급,0,다하다
중급,0,다행
중급,0,다행스럽다
중급,0,다행히
고급,0,닥치다01
초급,0,닦다
고급,0,-단02
중급,0,단04
고급,0,단05
고급,0,단가
고급,0,단거리
고급,0,단결
중급,0,단계
고급,0,단계적01/단계적02
중급,0,단골
고급,0,단군
중급,0,단기01
고급,0,단기간
고급,0,단념
중급,0,단단하다
고급,0,단단히
중급,0,단독
고급,0,단돈
고급,0,단락
고급,0,단란하다
고급,0,단련
고급,0,단말기
중급,0,단맛
중급,0,단발머리
고급,0,단백질
고급,0,단번에
고급,0,단서02
중급,0,단속
초급,0,단순
중급,0,단순히
고급,0,단숨에
고급,0,단시간
초급,0,단어
고급,0,단연
중급,0,단위
고급,0,단일
고급,0,단적01/단적02
고급,0,단절
중급,0,단점
고급,0,단정
중급,0,단정하다01
고급,0,단조롭다
중급,0,단지02
중급,0,단지03
중급,0,단체
초급,0,단추
고급,0,단축
초급,0,단풍
고급,0,단합
고급,0,단호하다
초급,0,닫다
중급,0,닫히다
초급,0,달01/달02
초급,0,달걀
고급,0,달구다
중급,0,달다02
고급,0,달다03
중급,0,달다04
초급,0,달다05
고급,0,달라붙다
중급,0,달라지다
중급,0,달래다
중급,0,달러02/달러01
중급,0,달려가다
중급,0,달려들다
중급,0,달려오다
초급,0,달력
중급,0,달리
초급,0,달리기
중급,0,달리다01
초급,0,달리다03
고급,0,달리하다
중급,0,달빛
중급,0,달성
중급,0,달아나다
고급,0,달아오르다
중급,0,달콤하다
중급,0,달하다
초급,0,닭
초급,0,닭고기
초급,0,닮다
중급,0,닳다
중급,0,담01
중급,0,담02
중급,0,담그다
중급,0,담기다01
중급,0,담다
고급,0,담담하다
중급,0,담당
중급,0,담당자
초급,0,담배
중급,0,담백하다
고급,0,담보
중급,0,담요
중급,0,담임
고급,0,담장
초급,0,답
초급,0,답답하다
고급,0,답례
중급,0,답변
고급,0,답사02
초급,0,답장
중급,0,닷새
중급,0,-당
고급,0,당03
고급,0,당구
고급,0,당국02
중급,0,당근
중급,0,당기다
고급,0,당뇨병
중급,0,당당하다
고급,0,당당히
고급,0,당락
고급,0,당면02
고급,0,당부
중급,0,당분간02/당분간01
고급,0,당사자
고급,0,당선
중급,0,당시
중급,0,당신
중급,0,당연하다
중급,0,당연히
중급,0,당일
중급,0,당장
중급,0,당첨
중급,0,당하다
고급,0,당혹
중급,0,당황
중급,0,닿다
중급,0,대-
고급,0,-대00
고급,0,대00/대08
중급,0,대01/대02
고급,0,대04
고급,0,대06/대07
초급,0,대10
중급,0,대가02
고급,0,대가족
중급,0,대강02/대강01
중급,0,대개02/대개01
고급,0,대거02/대거01
고급,0,대견하다
고급,0,대결
초급,0,대구
중급,0,대규모
고급,0,대금02
중급,0,대기01
중급,0,대기02
고급,0,대기만성
중급,0,대기업
고급,0,대꾸
고급,0,대나무
중급,0,대낮
중급,0,대다01
중급,0,대다수
중급,0,대단하다
중급,0,대단히
고급,0,대담02
고급,0,대담하다02
초급,0,대답
고급,0,대대로
고급,0,대대손손
고급,0,대대적01/대대적02
중급,0,대도시
고급,0,대두02
고급,0,대들다
고급,0,대등
고급,0,대뜸
중급,0,대략02/대략01
고급,0,대략적01/대략적02
중급,0,대량
중급,0,대로02
고급,0,대륙01
중급,0,대리
고급,0,대리점
중급,0,대립
고급,0,대머리
고급,0,대명사
고급,0,대목
중급,0,대문
고급,0,대박00
중급,0,대변
고급,0,대변00
고급,0,대보름
고급,0,대본
초급,0,대부분01/대부분02
고급,0,대북
중급,0,대비01
중급,0,대비02
중급,0,대사02
중급,0,대사03
초급,0,대사관
고급,0,대상00
중급,0,대상02
중급,0,대상자
고급,0,대성통곡
고급,0,대수롭다
중급,0,대신
고급,0,대안
고급,0,대안00
고급,0,대양
고급,0,대여
중급,0,대여섯02·대여섯01
고급,0,대외
고급,0,대우
고급,0,대원
중급,0,대응
고급,0,대인02
고급,0,대입01
고급,0,대장01
고급,0,대장02
초급,0,대전01
고급,0,대접01
중급,0,대접02
중급,0,대조
고급,0,대조적01/대조적02
고급,0,대졸
중급,0,대중02
중급,0,대중가요
중급,0,대중교통
중급,0,대중문화
고급,0,대중성
고급,0,대중적01/대중적02
고급,0,대중화
중급,0,대책
중급,0,대처02
중급,0,대청소
고급,0,대체00/대체01
중급,0,대체02
중급,0,대체로
고급,0,대추
중급,0,대출
중급,0,대충
중급,0,대통령
고급,0,대폭01/대폭02
중급,0,대표
중급,0,대표적01/대표적02
고급,0,대피
중급,0,대하다
초급,0,대학
고급,0,대학가
초급,0,대학교
초급,0,대학생
초급,0,대학원
중급,0,대한민국
고급,0,대항
중급,0,대형01
고급,0,대형차
초급,0,대화
초급,0,대회
초급,0,댁02/댁01
중급,0,댐
고급,0,댓글00
고급,0,댕기다
초급,0,더
중급,0,더구나
고급,0,더군다나
고급,0,더더욱
고급,0,더듬거리다
고급,0,더듬다
고급,0,더디다
고급,0,더러00
중급,0,더러워지다
초급,0,더럽다
중급,0,더럽히다
고급,0,더미
고급,0,더부룩하다02
중급,0,더불다
고급,0,더없이
초급,0,더욱
중급,0,더욱더
중급,0,더욱이
중급,0,더위
중급,0,더하다02
중급,0,덕
고급,0,덕목
초급,0,덕분
중급,0,덕택
초급,0,던지다
중급,0,덜
중급,0,덜다
고급,0,덜렁대다
고급,0,덜컥01
고급,0,덜하다
고급,0,덤
고급,0,덤벼들다
고급,0,덤비다
초급,0,덥다
고급,0,덥히다
고급,0,덧나다
중급,0,덧붙이다
고급,0,덩달다
중급,0,덩어리
고급,0,덩치
중급,0,덮다
중급,0,덮이다
고급,0,덮치다00
중급,0,데
중급,0,데다
초급,0,데려가다
초급,0,데려오다
중급,0,데리다
고급,0,데모
중급,0,데우다
초급,0,데이트
중급,0,데치다
고급,0,도02
초급,0,도03
고급,0,도04
중급,0,도05
중급,0,도구
고급,0,도깨비
고급,0,도끼
중급,0,도난
고급,0,도달
중급,0,도대체
고급,0,도덕
고급,0,도덕성
고급,0,도덕적01/도덕적02
중급,0,도둑
고급,0,도둑맞다
고급,0,도래01
중급,0,도로01
초급,0,도로02
고급,0,도리
중급,0,도리어
고급,0,도립00
중급,0,도마
중급,0,도망
중급,0,도망가다
중급,0,도망치다
고급,0,도맡다
고급,0,도매02
고급,0,도모
중급,0,도무지
고급,0,도박
고급,0,도보
중급,0,도서02
초급,0,도서관
초급,0,도시
중급,0,도시락
고급,0,도시화
중급,0,도심
고급,0,도약
초급,0,도와주다
고급,0,도우미
초급,0,도움
중급,0,도입
중급,0,도자기
중급,0,도장03
중급,0,도저히
중급,0,도전
중급,0,도중
초급,0,도착01
고급,0,도처
고급,0,도태
고급,0,도표
고급,0,도피
중급,0,독02
중급,0,독감
고급,0,독거노인00
중급,0,독립
고급,0,독립적01/독립적02
고급,0,독방
고급,0,독사
초급,0,독서
고급,0,독선적01/독선적02
고급,0,독성
고급,0,독신
초급,0,독일
중급,0,독일어
중급,0,독자03
고급,0,독자적01/독자적02
고급,0,독재
고급,0,독재자
고급,0,독점
고급,0,독창성
고급,0,독창적01/독창적02
중급,0,독특하다
중급,0,독하다
초급,0,돈01
초급,0,돈가스
고급,0,돈독하다
고급,0,돋보이다
고급,0,돋우다
중급,0,돌01/돌02
초급,0,돌03
초급,0,돌다
중급,0,돌려받다00
중급,0,돌려보내다
초급,0,돌려주다
초급,0,돌리다02
중급,0,돌멩이
중급,0,돌보다
초급,0,돌아가다
중급,0,돌아다니다
고급,0,돌아다보다
중급,0,돌아보다
중급,0,돌아서다
초급,0,돌아오다
고급,0,돌연변이
고급,0,돌이키다
고급,0,돌파
초급,0,돕다
중급,0,동02
중급,0,동03
고급,0,동04
고급,0,동감
고급,0,동거
고급,0,동경02
고급,0,동굴
중급,0,동그라미
중급,0,동그랗다
중급,0,동기02
중급,0,동기03
중급,0,동남아
초급,0,동네
초급,0,동대문
고급,0,동동02
고급,0,동등
고급,0,동력
중급,0,동료
고급,0,동맥
고급,0,동메달
고급,0,동문01
고급,0,동문서답
초급,0,동물
초급,0,동물원
고급,0,동반
고급,0,동병상련
중급,0,동부
고급,0,동사02
고급,0,동상02
고급,0,동상이몽
초급,0,동생
중급,0,동서남북
고급,0,동성02
초급,0,동시01
고급,0,동시통역
고급,0,동식물
중급,0,동아리
초급,0,동안01
중급,0,동양
중급,0,동양인
중급,0,동영상
고급,0,동요01
중급,0,동요02
고급,0,동원
중급,0,동의01
중급,0,동일
중급,0,동작
고급,0,동적01/동적02
초급,0,동전
고급,0,동정02
고급,0,동지02
고급,0,동질성
초급,0,동쪽
고급,0,동참
중급,0,동창
중급,0,동창회
중급,0,동포
고급,0,동행
고급,0,동향02
고급,0,동향03
고급,0,동호인
중급,0,동호회
고급,0,동화01
중급,0,동화02
중급,0,동화책
초급,0,돼지
초급,0,돼지고기
중급,0,되게
고급,0,되뇌다
초급,0,-되다
초급,0,되다01
중급,0,되도록
중급,0,되돌리다
중급,0,되돌아가다
고급,0,되돌아보다
중급,0,되돌아오다
고급,0,되묻다
중급,0,되살리다
중급,0,되살아나다
고급,0,되새기다
중급,0,되찾다
중급,0,되풀이
고급,0,된소리
초급,0,된장
초급,0,된장찌개
초급,0,두01
고급,0,두각
고급,0,두근거리다
고급,0,두꺼비
초급,0,두껍다
중급,0,두께
중급,0,두뇌
초급,0,두다01
중급,0,두드러지다01
중급,0,두드리다
고급,0,두들기다
중급,0,두려움
중급,0,두려워하다
중급,0,두렵다
고급,0,두루
중급,0,두르다
중급,0,두리번거리다
초급,0,두부
초급,0,두세
중급,0,두어
고급,0,두텁다
초급,0,두통
중급,0,두통약
고급,0,두툼하다
고급,0,둑
고급,0,둔하다
초급,0,둘
중급,0,둘러보다
중급,0,둘러싸다
중급,0,둘러싸이다
고급,0,둘러앉다
중급,0,둘레
초급,0,둘째02/둘째01/둘째03
고급,0,둥그렇다
중급,0,둥글다01
고급,0,둥둥02
중급,0,둥지
초급,0,뒤
중급,0,뒤늦다
고급,0,뒤덮다
고급,0,뒤덮이다
고급,0,뒤돌아보다
중급,0,뒤따르다
중급,0,뒤떨어지다
고급,0,뒤바뀌다
고급,0,뒤섞이다
고급,0,뒤엉키다
고급,0,뒤엎다
고급,0,뒤적이다
고급,0,뒤죽박죽
중급,0,뒤지다01
중급,0,뒤지다02
중급,0,뒤집다
고급,0,뒤집어쓰다
고급,0,뒤집히다
초급,0,뒤쪽
고급,0,뒤쫓다
고급,0,뒤처지다
고급,0,뒤척이다
고급,0,뒤통수
고급,0,뒤틀리다
중급,0,뒤편
고급,0,뒤풀이
고급,0,뒤흔들다
고급,0,뒷걸음
중급,0,뒷골목
중급,0,뒷모습
중급,0,뒷문
고급,0,뒷바라지
고급,0,뒷받침
중급,0,뒷산
고급,0,뒷일
고급,0,뒷전
고급,0,뒹굴다
중급,0,드나들다
초급,0,드디어
초급,0,드라마
중급,0,드라이
중급,0,드라이브
중급,0,드라이어
중급,0,드라이클리닝
중급,0,드러나다
중급,0,드러내다
고급,0,드러눕다
중급,0,드레스
초급,0,드리다01
고급,0,드리우다
중급,0,드물다
고급,0,드세다
고급,0,득점
중급,0,든든하다
중급,0,듣기
초급,0,듣다01
고급,0,들01
고급,0,들끓다
초급,0,들다01
초급,0,들다04
고급,0,들뜨다
고급,0,들락거리다
고급,0,들락날락하다
중급,0,들려오다
중급,0,들려주다
초급,0,들르다
중급,0,들리다01
초급,0,들리다02
중급,0,들리다03
고급,0,들먹이다
고급,0,들썩이다
초급,0,들어가다
고급,0,들어맞다
중급,0,들어서다
고급,0,들어앉다
초급,0,들어오다
중급,0,들어주다
고급,0,들어차다
고급,0,들여놓다
중급,0,들여다보다
고급,0,들여다보이다
고급,0,들여오다
중급,0,들이다
고급,0,들이닥치다
고급,0,들이대다02
고급,0,들이마시다02
고급,0,들이밀다
고급,0,들이켜다
고급,0,들추다
중급,0,들키다
고급,0,들통
고급,0,들판
고급,0,듬뿍
초급,0,등01
중급,0,등02/등00
중급,0,등03
고급,0,등04
고급,0,등골01
고급,0,등교
고급,0,등급/등급00
중급,0,등기
중급,0,등록
중급,0,등록금
중급,0,등록증
고급,0,등반
초급,0,등산
중급,0,등산복
고급,0,등용문
중급,0,등장
고급,0,등장인물
고급,0,등재00
고급,0,등지
고급,0,등지다
고급,0,디디다
중급,0,디자이너
초급,0,디자인
중급,0,디지털
고급,0,딛다
고급,0,따갑다
중급,0,따님
중급,0,따다
고급,0,따돌리다
고급,0,따돌림00
초급,0,따뜻하다
중급,0,따라가다
고급,0,따라나서다
중급,0,따라다니다
중급,0,따라서
중급,0,따라오다
고급,0,따라잡다
초급,0,따로
중급,0,따로따로
중급,0,따르다01
중급,0,따르다02
중급,0,따르릉
고급,0,따위
중급,0,따지다
고급,0,딱02
중급,0,딱03
중급,0,딱딱하다
고급,0,딱하다
고급,0,딱히02
중급,0,딴02
초급,0,딸
초급,0,딸기
고급,0,딸리다01
초급,0,땀01
초급,0,땅
중급,0,땅바닥
중급,0,땅속
중급,0,땅콩
초급,0,때01
중급,0,때02
고급,0,때다
중급,0,때때로
중급,0,때로
중급,0,때리다
고급,0,때마침
고급,0,때우다
중급,0,떠나가다
초급,0,떠나다
중급,0,떠나오다
고급,0,떠내려가다
고급,0,떠넘기다
고급,0,떠다니다
고급,0,떠돌다
고급,0,떠돌아다니다
초급,0,떠들다01
고급,0,떠들썩하다01/떠들썩하다02
고급,0,떠맡다
고급,0,떠밀리다
중급,0,떠오르다
중급,0,떠올리다
초급,0,떡01
고급,0,떡02
초급,0,떡국
초급,0,떡볶이
고급,0,떨구다
중급,0,떨다01
중급,0,떨리다01
중급,0,떨어뜨리다
초급,0,떨어지다
고급,0,떨치다01
고급,0,떨치다02
고급,0,떫다
고급,0,떳떳하다
중급,0,떼01
중급,0,떼다
초급,0,또
초급,0,또는
중급,0,또다시
고급,0,또래
고급,0,또렷하다
중급,0,또한
고급,0,똑00
초급,0,똑같다
초급,0,똑같이
고급,0,똑똑
초급,0,똑똑하다
중급,0,똑똑히
초급,0,똑바로
중급,0,똥
중급,0,뚜껑
고급,0,뚜렷이
중급,0,뚜렷하다
고급,0,뚝02
고급,0,뚝뚝01
중급,0,뚫다
중급,0,뚫리다
초급,0,뚱뚱하다
중급,0,뛰다01
초급,0,뛰다02
초급,0,뛰어가다
중급,0,뛰어나다
중급,0,뛰어나오다
중급,0,뛰어내리다
중급,0,뛰어넘다
중급,0,뛰어놀다
중급,0,뛰어다니다
중급,0,뛰어들다
고급,0,뛰어오다
고급,0,뛰쳐나가다
고급,0,뛰쳐나오다
초급,0,뜨겁다
중급,0,뜨다01
고급,0,뜨다03
중급,0,뜨다04
초급,0,뜨다05
고급,0,뜨이다
중급,0,뜯다
고급,0,뜯어내다
고급,0,뜯어보다
중급,0,뜰01
고급,0,뜸하다
초급,0,뜻
중급,0,뜻대로
중급,0,뜻밖
중급,0,뜻밖에
중급,0,띄다01
고급,0,띄어쓰기
고급,0,띄우다02
중급,0,띠01
중급,0,띠02
중급,0,띠다
초급,0,라디오
초급,0,라면
고급,0,라일락00
고급,0,라켓
고급,0,란00
중급,0,량01
초급,0,러시아
중급,0,레몬
초급,0,레스토랑
고급,0,레슬링
고급,0,레저
중급,0,렌즈
중급,0,렌터카
중급,0,-력01
고급,0,-로01
중급,0,로그인
고급,0,로맨틱00
중급,0,로봇
고급,0,-론
중급,0,-료
고급,0,-류02
중급,0,-률02
고급,0,리그
고급,0,리더십
중급,0,리듬
중급,0,리모컨
중급,0,리본
중급,0,리터
고급,0,리포터
고급,0,마감
중급,0,마구
중급,0,마냥01
고급,0,마누라
중급,0,마늘00
고급,0,마다하다
초급,0,마당01
중급,0,마디
중급,0,마땅하다
중급,0,마땅히
중급,0,마라톤
중급,0,마련01/마련02
중급,0,마루02
초급,0,마르다01
초급,0,마리
중급,0,마무리
고급,0,마비
중급,0,마사지
초급,0,마시다
중급,0,마약
중급,0,마우스
초급,0,마을
초급,0,마음
중급,0,마음가짐
중급,0,마음껏
중급,0,마음대로
중급,0,마음먹다
중급,0,마음속
중급,0,마음씨
중급,0,마이크
고급,0,마일리지00
고급,0,마저
중급,0,마주
중급,0,마주치다
초급,0,마중
초급,0,마지막
고급,0,마지못하다
중급,0,마찬가지
중급,0,마찰
고급,0,마취
중급,0,마치
초급,0,마치다
중급,0,마침
중급,0,마침내
고급,0,마케팅
초급,0,마트
초급,0,마흔02/마흔01
중급,0,막01
중급,0,막02
고급,0,막03/막04
고급,0,막강
초급,0,막걸리
중급,0,막내
중급,0,막다
고급,0,막다르다
고급,0,막대
중급,0,막대기
고급,0,막대하다
고급,0,막론하다
고급,0,막막하다02
고급,0,막무가내
고급,0,막바지
중급,0,막상
고급,0,막상막하
중급,0,막연하다
고급,0,막연히
고급,0,막중하다
중급,0,막차
초급,0,막히다
고급,0,막힘없이
초급,0,만04/만03
중급,0,만05/만00
고급,0,만끽00
초급,0,만나다
중급,0,만남
초급,0,만두
초급,0,만들다
중급,0,만만하다01
고급,0,만병
고급,0,만사
고급,0,만세00/만세03
초급,0,만약
고급,0,만연
중급,0,만원
초급,0,만일
고급,0,만장일치
중급,0,만점
중급,0,만족
고급,0,만족도
중급,0,만족스럽다
초급,0,만지다
초급,0,만화
초급,0,많다
중급,0,많아지다
초급,0,많이
고급,0,맏이
고급,0,맏형
초급,0,말01
초급,0,말04
초급,0,말06
중급,0,말기
중급,0,말끔히
고급,0,말끝
중급,0,말다01
중급,0,말다02
초급,0,말다03
중급,0,말다툼
고급,0,말단
초급,0,말레이시아
중급,0,말리다02
중급,0,말리다03
고급,0,말문
고급,0,말미암다
고급,0,말솜씨
고급,0,말썽
초급,0,말씀
중급,0,말없이
고급,0,말재주
중급,0,말투
중급,0,말하기
초급,0,맑다
중급,0,맘
중급,0,맘껏
중급,0,맘대로
초급,0,맛
초급,0,맛없다
초급,0,맛있다
고급,0,망03
중급,0,망가지다
중급,0,망설이다
고급,0,망신
고급,0,망원경
고급,0,망치
중급,0,망치다
중급,0,망하다
초급,0,맞다01
중급,0,맞다02
중급,0,맞다03
고급,0,맞대다
고급,0,맞들다
고급,0,맞먹다
중급,0,맞벌이
고급,0,맞붙다
중급,0,맞서다
고급,0,맞아떨어지다
중급,0,맞은편
중급,0,맞이하다
고급,0,맞장구
초급,0,맞추다
고급,0,맞춤
중급,0,맞춤법
중급,0,맞히다01
고급,0,맞히다02
중급,0,맡기다
중급,0,맡다01
중급,0,맡다02
중급,0,매01
고급,0,매03
고급,0,매04
고급,0,매기다
고급,0,매끄럽다
초급,0,매년02/매년01
고급,0,매니저
초급,0,매다01
고급,0,매다02
초급,0,매달02/매달01
중급,0,매달다
중급,0,매달리다
고급,0,매듭
중급,0,매력
고급,0,매력적01/매력적02
고급,0,매료00
고급,0,매립
고급,0,매매
중급,0,매번02/매번01
고급,0,매사01/매사02
고급,0,매섭다
고급,0,매연
초급,0,매우
중급,0,매운맛
중급,0,매운탕
초급,0,매일02/매일01
고급,0,매입
고급,0,매장01
중급,0,매장03
중급,0,매점
초급,0,매주02/매주01
중급,0,매진01
고급,0,매진02
중급,0,매체
고급,0,매출
고급,0,매콤하다
초급,0,매표소
고급,0,맥
고급,0,맥락
고급,0,맥박
초급,0,맥주
중급,0,맨01
중급,0,맨발
고급,0,맨손
고급,0,맴돌다
초급,0,맵다
고급,0,맵시
고급,0,맹렬하다
고급,0,맹세
중급,0,맺다
고급,0,맺히다
고급,0,머금다
초급,0,머리
고급,0,머리기사
고급,0,머리맡
초급,0,머리카락
중급,0,머리칼
중급,0,머릿속
중급,0,머무르다
중급,0,머물다
중급,0,머뭇거리다
고급,0,머지않다
중급,0,먹고살다
고급,0,먹구름
초급,0,먹다02
고급,0,먹음직스럽다
중급,0,먹이
중급,0,먹이다
중급,0,먹히다
초급,0,먼저02/먼저01
중급,0,먼지
고급,0,멀다01
초급,0,멀다02
초급,0,멀리
중급,0,멀미
중급,0,멀어지다
중급,0,멀쩡하다
초급,0,멈추다
초급,0,멋
중급,0,멋대로
고급,0,멋스럽다
초급,0,멋있다
중급,0,멋지다
중급,0,멍
고급,0,멍들다
중급,0,멍멍
고급,0,멍청하다
고급,0,멍하니
고급,0,멍하다
중급,0,멎다
초급,0,메뉴
중급,0,메뉴판
초급,0,메다
고급,0,메다00
중급,0,메달
고급,0,메마르다
초급,0,메모
중급,0,메모지
초급,0,메시지
중급,0,메우다
초급,0,메일
고급,0,멜로00
중급,0,멜로디
중급,0,며느리
초급,0,며칠
중급,0,면02
고급,0,면03
고급,0,면04
중급,0,면담
중급,0,면도
고급,0,면도기
고급,0,면모
고급,0,면세점
고급,0,면역
중급,0,면적
중급,0,면접
고급,0,면접시험
고급,0,면제
중급,0,면하다01
중급,0,면허
중급,0,면허증
고급,0,면회
고급,0,멸망
고급,0,멸종
중급,0,멸치
중급,0,명01
초급,0,명02
중급,0,명단
고급,0,명당
고급,0,명랑
중급,0,명령
고급,0,명료하다
고급,0,명목
고급,0,명문02
고급,0,명백하다
고급,0,명백히
고급,0,명복
고급,0,명분
고급,0,명사02
고급,0,명상
고급,0,명성
고급,0,명소
고급,0,명승지
고급,0,명실상부00
고급,0,명심00
중급,0,명예01
초급,0,명절
고급,0,명중
고급,0,명칭
고급,0,명품
중급,0,명함
중급,0,명확하다
고급,0,명확히
초급,0,몇01/몇02
중급,0,몇몇02/몇몇01
중급,0,모06/모07
고급,0,모국어
고급,0,모금01
중급,0,모금02
초급,0,모기
중급,0,모니터
고급,0,모닥불
중급,0,모델
초급,0,모두01/모두02
초급,0,모든
중급,0,모래
초급,0,모레02/모레01
초급,0,모르다
고급,0,모발
고급,0,모방
중급,0,모범
고급,0,모범생
고급,0,모색
고급,0,모서리
고급,0,모순
초급,0,모습
초급,0,모시다
초급,0,모양01
중급,0,모여들다
고급,0,모욕
고급,0,모유
초급,0,모으다
고급,0,모음
초급,0,모이다
초급,0,모임
중급,0,모자01
초급,0,모자02
초급,0,모자라다
고급,0,모조리
고급,0,모질다
중급,0,모집
중급,0,모처럼
고급,0,모친
고급,0,모퉁이
고급,0,모티브
중급,0,모험
고급,0,모형
고급,0,모호하다
초급,0,목01
중급,0,목02
초급,0,목걸이
고급,0,목격
고급,0,목격자
중급,0,목구멍
고급,0,목덜미
초급,0,목도리
고급,0,목돈
중급,0,목록
중급,0,목마르다01
중급,0,목사
초급,0,목소리
중급,0,목숨
초급,0,목요일
초급,0,목욕
초급,0,목욕탕
고급,0,목장
고급,0,목재
초급,0,목적
고급,0,목적어
중급,0,목적지
중급,0,목표
중급,0,몫
중급,0,몰다
고급,0,몰두하다
중급,0,몰라보다
고급,0,몰락
중급,0,몰래
고급,0,몰려가다
중급,0,몰려들다
중급,0,몰려오다
중급,0,몰리다
고급,0,몰아가다
고급,0,몰아내다
고급,0,몰아넣다
고급,0,몰아붙이다
고급,0,몰아쉬다
고급,0,몰아치다
고급,0,몰이00
고급,0,몰입
초급,0,몸
중급,0,몸매
중급,0,몸무게
중급,0,몸살
중급,0,몸속
고급,0,몸집
중급,0,몸짓
중급,0,몸통
중급,0,몹시
중급,0,못01
초급,0,못02
중급,0,못나다
중급,0,못되다
고급,0,못마땅하다
초급,0,못생기다
중급,0,못지않다
초급,0,못하다01/못하다02
초급,0,몽골
중급,0,몽땅01
고급,0,묘00
고급,0,묘미
중급,0,묘사
고급,0,묘지
고급,0,묘하다
초급,0,무01
중급,0,무-01
고급,0,무03/무04
초급,0,무겁다
초급,0,무게
고급,0,무공해
중급,0,무관심
중급,0,무관하다
고급,0,무궁무진
초급,0,무궁화
중급,0,무기
고급,0,무기력
고급,0,무난하다
고급,0,무너뜨리다
중급,0,무너지다
중급,0,무늬
중급,0,무대
고급,0,무더기
중급,0,무더위
고급,0,무던히
중급,0,무덤
중급,0,무덥다
고급,0,무뚝뚝하다
고급,0,무럭무럭
중급,0,무려
고급,0,무력01
중급,0,무렵
고급,0,무례
초급,0,무료01
고급,0,무료하다
고급,0,무르다03
고급,0,무르익다
고급,0,무릅쓰다
초급,0,무릎
고급,0,무리01
중급,0,무리02
고급,0,무모하다
고급,0,무병장수00
고급,0,무분별
중급,0,무사히
고급,0,무상02
중급,0,무서워하다
고급,0,무선
초급,0,무섭다
고급,0,무성하다
고급,0,무소식
고급,0,무수하다
고급,0,무수히
고급,0,무술
초급,0,무슨
중급,0,무시
고급,0,무시무시하다
고급,0,무식
고급,0,무심코
고급,0,무심히
고급,0,무언
초급,0,무엇
중급,0,무역
중급,0,무용03
고급,0,무용지물
고급,0,무응답
중급,0,무의미
고급,0,무인
고급,0,무인도
고급,0,무작정01/무작정02
중급,0,무조건02/무조건01
중급,0,무지개
고급,0,무차별적01/무차별적02
중급,0,무책임
초급,0,무척
고급,0,무한
고급,0,무형
고급,0,무효
고급,0,묵념
고급,0,묵다01
중급,0,묵다02
중급,0,묵묵히
고급,0,묵직하다
고급,0,묵히다
중급,0,묶다
중급,0,묶이다
중급,0,-문
초급,0,문02
고급,0,문과
고급,0,문구01
중급,0,문구점
고급,0,문단01
고급,0,문단02
중급,0,문득
중급,0,문명
중급,0,문방구
중급,0,문법
중급,0,문병
고급,0,문상
중급,0,문서
고급,0,문안02
고급,0,문어02
중급,0,문의
중급,0,문자
중급,0,문장01
초급,0,문제
중급,0,문제점
고급,0,문지르다
중급,0,문학
고급,0,문학적01/문학적02
고급,0,문항
고급,0,문헌
고급,0,문형
초급,0,문화
고급,0,문화생활
고급,0,문화유산
중급,0,문화재
중급,0,문화적01/문화적02
중급,0,묻다01
중급,0,묻다02
초급,0,묻다03
중급,0,묻히다01
중급,0,묻히다02
중급,0,-물
초급,0,물01
중급,0,물가01
중급,0,물가02
중급,0,물감
초급,0,물건
중급,0,물결
초급,0,물고기
중급,0,물기
고급,0,물끄러미
중급,0,물다01
중급,0,물들다
고급,0,물들이다
고급,0,물량
고급,0,물러가다
중급,0,물러나다
중급,0,물러서다
고급,0,물려받다
고급,0,물려주다
초급,0,물론02/물론01
고급,0,물리
중급,0,물리다02
고급,0,물리다03
고급,0,물리적01/물리적02
고급,0,물리치다
고급,0,물방울
중급,0,물소리
중급,0,물속
중급,0,물약
초급,0,물어보다
중급,0,물음
고급,0,물자
중급,0,물질
중급,0,물질적01/물질적02
고급,0,물체
고급,0,물품
중급,0,뭉치다
고급,0,뭉클하다
초급,0,뭐01
중급,0,뭘
중급,0,뮤지컬
고급,0,미01
고급,0,미각
초급,0,미국
중급,0,미국인00
초급,0,미끄러지다
중급,0,미끄럽다
고급,0,미남
고급,0,미녀
중급,0,미니
고급,0,미달
고급,0,미덕
중급,0,미디어
초급,0,미래
중급,0,미련02
중급,0,미루다
초급,0,미리
중급,0,미만
고급,0,미모
고급,0,미묘하다
고급,0,미사
고급,0,미생물
중급,0,미성년자
중급,0,미소
고급,0,미숙하다
중급,0,미술
고급,0,미술가
초급,0,미술관
고급,0,미아
초급,0,미안
고급,0,미약하다
고급,0,미어지다
고급,0,미역02
초급,0,미역국
고급,0,미용
중급,0,미용사
초급,0,미용실
중급,0,미움
중급,0,미인
중급,0,미장원
고급,0,미적01/미적02
고급,0,미정
고급,0,미지
중급,0,미지근하다
중급,0,미처
중급,0,미치다01
중급,0,미치다02
초급,0,미터
중급,0,미팅
중급,0,미혼
고급,0,미혼모
고급,0,미흡하다
고급,0,민간
고급,0,민간단체00
고급,0,민감하다
고급,0,민망하다
고급,0,민박
고급,0,민속
중급,0,민속놀이
고급,0,민요
중급,0,민족
고급,0,민족주의
고급,0,민주
고급,0,민주적01/민주적02
중급,0,민주주의
고급,0,민주화
고급,0,민첩하다
초급,0,믿다
중급,0,믿음
고급,0,믿음직스럽다
초급,0,밀가루
초급,0,밀다
고급,0,밀도
고급,0,밀려나다
고급,0,밀려들다
고급,0,밀려오다
중급,0,밀리다01
중급,0,밀리다02
중급,0,밀리미터
고급,0,밀림
고급,0,밀어붙이다
고급,0,밀어주다
고급,0,밀접
고급,0,밀착
중급,0,밉다
중급,0,및
초급,0,밑
고급,0,밑거름
중급,0,밑바닥
중급,0,밑줄
고급,0,밑창
중급,0,바01
중급,0,바가지
중급,0,바구니
초급,0,바깥
고급,0,바깥일
초급,0,바깥쪽
초급,0,바꾸다
초급,0,바뀌다
초급,0,바나나
중급,0,바늘
초급,0,바다
초급,0,바닥
초급,0,바닷가
중급,0,바닷물
중급,0,바둑
초급,0,바라다
고급,0,바라다보다
초급,0,바라보다
초급,0,바람01
중급,0,바람03
중급,0,바람직하다
고급,0,바래다01
중급,0,바래다주다
초급,0,바로
중급,0,바로잡다
초급,0,바르다01
중급,0,바르다03
중급,0,바보
초급,0,바쁘다
고급,0,바삐
중급,0,바싹
중급,0,바위
고급,0,바이러스
초급,0,바이올린
고급,0,바자회
초급,0,바지
고급,0,바짝
중급,0,바치다
중급,0,바퀴01/바퀴02
고급,0,바퀴벌레
중급,0,바탕
중급,0,박02
중급,0,박다
고급,0,박람회
초급,0,박물관
중급,0,박사
초급,0,박수
중급,0,박스
고급,0,박자
고급,0,박탈
중급,0,박히다
초급,0,밖
초급,0,반01
초급,0,반02
고급,0,반감
초급,0,반갑다
중급,0,반값
중급,0,반기다
고급,0,반나절
중급,0,반납
중급,0,반달01
초급,0,반대
중급,0,반대말
중급,0,반대쪽
고급,0,반도
고급,0,반도체
초급,0,반드시
고급,0,반듯하다
고급,0,반론
중급,0,반말
중급,0,반면01
고급,0,반목
고급,0,반문
초급,0,반바지
고급,0,반박
고급,0,반반
중급,0,반발
중급,0,반복
중급,0,반성
고급,0,반세기
고급,0,반신욕
중급,0,반영
중급,0,반응
중급,0,반장
고급,0,반주01
중급,0,반죽
초급,0,반지
중급,0,반짝거리다
중급,0,반짝반짝01
중급,0,반짝이다
고급,0,반쪽
초급,0,반찬
중급,0,반창고
고급,0,반칙
중급,0,반팔
중급,0,반품
중급,0,반하다01
고급,0,반하다02
고급,0,반항
고급,0,반환점
초급,0,받다01
고급,0,받들다
중급,0,받아들이다
초급,0,받아쓰다
고급,0,받치다
중급,0,받침
초급,0,발01
고급,0,-발02
초급,0,발가락
고급,0,발각
중급,0,발걸음
중급,0,발견
고급,0,발굴
중급,0,발급
중급,0,발길
중급,0,발꿈치
중급,0,발끝
고급,0,발단
중급,0,발달
고급,0,발돋움
중급,0,발등
고급,0,발라드
고급,0,발령
중급,0,발명
고급,0,발명가
고급,0,발명품
중급,0,발목
초급,0,발바닥
고급,0,발병02
고급,0,발상02
중급,0,발생
고급,0,발신자
고급,0,발언
중급,0,발음
중급,0,발자국
중급,0,발전01
고급,0,발전02
고급,0,발전소
고급,0,발짝
중급,0,발톱
중급,0,발표
고급,0,발표자
중급,0,발표회
중급,0,발행
고급,0,발효01
고급,0,발효02
고급,0,발휘
초급,0,밝다02/밝다01
중급,0,밝혀내다
중급,0,밝혀지다
중급,0,밝히다
중급,0,밟다
중급,0,밟히다
초급,0,밤01
중급,0,밤02
중급,0,밤낮01/밤낮02
고급,0,밤낮없이
중급,0,밤늦다
중급,0,밤새
중급,0,밤새다
중급,0,밤새우다
중급,0,밤색
중급,0,밤중
초급,0,밥
중급,0,밥그릇
중급,0,밥맛
고급,0,밥벌이
중급,0,밥솥
고급,0,밧줄
초급,0,방01
고급,0,방귀
초급,0,방금02/방금01
고급,0,방망이
중급,0,방면01
초급,0,방문02
초급,0,방문03
중급,0,방바닥
고급,0,방범
초급,0,방법
고급,0,방사능
초급,0,방송01
초급,0,방송국
중급,0,방송사
고급,0,방송인
고급,0,방수
중급,0,방식
중급,0,방안
고급,0,방어
고급,0,방언
고급,0,방영
중급,0,방울01
고급,0,방울02
고급,0,방음
중급,0,방지
고급,0,방청객
고급,0,방치
고급,0,방침
고급,0,방패
초급,0,방학
중급,0,방해
초급,0,방향
고급,0,방황
고급,0,밭
초급,0,배01
초급,0,배02
초급,0,배03
초급,0,배05
중급,0,배경
중급,0,배고프다
중급,0,배구
고급,0,배기가스
중급,0,배꼽
중급,0,배낭
중급,0,배낭여행
중급,0,배다01
초급,0,배달02
초급,0,배드민턴
중급,0,배려02
중급,0,배부르다
고급,0,배상02
고급,0,배설
중급,0,배송04
고급,0,배신
고급,0,배역
고급,0,배열
초급,0,배우
초급,0,배우다
중급,0,배우자02
중급,0,배웅
고급,0,배제
초급,0,배추
고급,0,배출
고급,0,배출00
중급,0,배치
고급,0,배타적01/배타적02
초급,0,배탈
중급,0,배터리
중급,0,배편
고급,0,배포
고급,0,배회
고급,0,배후
중급,0,백00
초급,0,백02/백01
고급,0,백과사전
고급,0,백년해로
초급,0,백만02/백만01
고급,0,백미02
고급,0,백성
고급,0,백수01
고급,0,백제
고급,0,백지
고급,0,백혈병
초급,0,백화점
초급,0,뱀
중급,0,뱃속
중급,0,뱉다
고급,0,버럭
초급,0,버릇
고급,0,버릇없다
초급,0,버리다01
중급,0,버섯02
초급,0,버스
중급,0,버터
중급,0,버튼
중급,0,버티다
고급,0,벅차다
초급,0,번
중급,0,번갈다
중급,0,번개
중급,0,번거롭다
고급,0,번번이
고급,0,번성
고급,0,번식
중급,0,번역
고급,0,번영
중급,0,번지
고급,0,번지다
초급,0,번째
고급,0,번쩍02
고급,0,번창
초급,0,번호
중급,0,번호표
중급,0,번화하다
초급,0,벌02
중급,0,벌03
중급,0,벌04
고급,0,벌겋다
중급,0,벌금
초급,0,벌다02
중급,0,벌떡
중급,0,벌레
중급,0,벌리다
초급,0,벌써
중급,0,벌어지다01
중급,0,벌어지다02
중급,0,벌이다
고급,0,벌판
중급,0,범위
중급,0,범인02
중급,0,범죄
고급,0,범죄자
고급,0,범주
고급,0,범하다
고급,0,범행
고급,0,-법
중급,0,법01
고급,0,법규
고급,0,법대00
중급,0,법률
고급,0,법률가
고급,0,법무부
고급,0,법안
중급,0,법원01
중급,0,법적01/법적02
고급,0,법정01
중급,0,법칙
고급,0,벗
중급,0,벗기다
초급,0,벗다
중급,0,벗어나다
고급,0,벚꽃
중급,0,베개
고급,0,베끼다
고급,0,베다01
고급,0,베다02
중급,0,베란다
고급,0,베스트셀러
초급,0,베트남
중급,0,베풀다
고급,0,벤처
중급,0,벤치
중급,0,벨
중급,0,벨트
중급,0,벼
고급,0,벼락
고급,0,벼르다
초급,0,벽
고급,0,벽돌
중급,0,벽시계
중급,0,벽지02
고급,0,벽화
고급,0,변02
중급,0,변경02
고급,0,변기
고급,0,변덕
중급,0,변덕스럽다
중급,0,변동
고급,0,변두리
중급,0,변명
고급,0,변모
고급,0,변변찮다
중급,0,변비
고급,0,변수
고급,0,변신
고급,0,변천
초급,0,변하다
고급,0,변함없다
고급,0,변함없이
고급,0,변형
고급,0,변호
초급,0,변호사
중급,0,변화
고급,0,변화무쌍
중급,0,-별
초급,0,별01
중급,0,별02
고급,0,별개
고급,0,별것
고급,0,별나다
중급,0,별다르다
중급,0,별도
초급,0,별로01
중급,0,별말씀
중급,0,별명
고급,0,별안간
고급,0,별의별
중급,0,별일
초급,0,병01
초급,0,병02
고급,0,병동
중급,0,병들다
고급,0,병명
초급,0,병문안
고급,0,병상
고급,0,병세
중급,0,병실
고급,0,병아리
초급,0,병원
고급,0,병적01/병적02
고급,0,병행
고급,0,보건
고급,0,보건소
중급,0,보고02
중급,0,보고서
중급,0,보관
고급,0,보글보글
중급,0,보급01
중급,0,보기01
초급,0,보내다
중급,0,보너스
초급,0,보다01
초급,0,보다04
고급,0,보답
중급,0,보도02
초급,0,보라색
중급,0,보람
고급,0,보류
중급,0,보름
중급,0,보름달
중급,0,보리
중급,0,보리차
중급,0,보물
고급,0,보배
고급,0,보복
중급,0,보살피다
중급,0,보상01
고급,0,보상02
고급,0,보상금02
중급,0,보석02
고급,0,보수01
중급,0,보수02
고급,0,보수03
고급,0,보수적01/보수적02
중급,0,보안
고급,0,보약
중급,0,보완
고급,0,보유
고급,0,보육
고급,0,보육원
초급,0,보이다01
초급,0,보이다02
고급,0,보일러
고급,0,보자기
고급,0,보잘것없다
중급,0,보장
중급,0,보전
중급,0,보조02
고급,0,보조금
중급,0,보존
고급,0,보증
고급,0,보증금
중급,0,보충
고급,0,보태다
초급,0,보통01/보통02
고급,0,보편적01/보편적02
고급,0,보편화
중급,0,보행자
중급,0,보험
고급,0,보험료
중급,0,보호
고급,0,보호자
중급,0,복
고급,0,복구
고급,0,복권02
고급,0,복귀
중급,0,복도
고급,0,복리01
고급,0,복부
중급,0,복사
중급,0,복사기
중급,0,복수01
고급,0,복수02
중급,0,복숭아
초급,0,복습
중급,0,복용
고급,0,복원
초급,0,복잡하다
고급,0,복장
고급,0,복제
고급,0,복종
고급,0,복지
중급,0,복통
고급,0,복학
고급,0,복합
고급,0,복합적01/복합적02
초급,0,볶다
중급,0,볶음
초급,0,볶음밥
고급,0,본02
고급,0,본격적01/본격적02
고급,0,본격화00
고급,0,본국
중급,0,본능
고급,0,본뜨다
중급,0,본래
고급,0,본론
고급,0,본명
고급,0,본문
고급,0,본받다
중급,0,본부
고급,0,본사
고급,0,본선
고급,0,본성
중급,0,본인01/본인02
고급,0,본전
중급,0,본질02
고급,0,본질적01/본질적02
중급,0,볼01
중급,0,볼거리
중급,0,볼링
중급,0,볼일
초급,0,볼펜
초급,0,봄
중급,0,봉사02
고급,0,봉사자
고급,0,봉우리
중급,0,봉지
초급,0,봉투
고급,0,봐주다
중급,0,뵈다02
초급,0,뵙다
중급,0,부 -01
고급,0,부-00
중급,0,부01/부02
고급,0,-부02
중급,0,부03
고급,0,부가
고급,0,부각
고급,0,부고02
고급,0,부과
중급,0,부근03
중급,0,부끄러움
중급,0,부끄러워하다
초급,0,부끄럽다
고급,0,부닥치다
중급,0,부담
고급,0,부담감
중급,0,부담스럽다
고급,0,부당
중급,0,부대03
고급,0,부도01
고급,0,부도나다
고급,0,부도덕
중급,0,부동산
초급,0,부드럽다
고급,0,부득이
고급,0,부디
중급,0,부딪치다
중급,0,부딪히다
중급,0,부러워하다
중급,0,부러지다
초급,0,부럽다
초급,0,부르다01
초급,0,부르다02
고급,0,부르짖다
고급,0,부릅뜨다
고급,0,부리다01
중급,0,부리다02
중급,0,부모
초급,0,부모님
중급,0,부문
초급,0,부부
초급,0,부분
중급,0,부분적01/부분적02
고급,0,부사
초급,0,부산02
중급,0,부상01
중급,0,부서
중급,0,부서지다
고급,0,부설
중급,0,부수다
고급,0,부시다02
고급,0,부실
고급,0,부양
초급,0,부엌
고급,0,부여02
중급,0,부위04
고급,0,부유층
고급,0,부유하다02
고급,0,부응
초급,0,부인01
고급,0,부인02
중급,0,부인03
고급,0,부임
중급,0,부자01
초급,0,부자02
중급,0,부작용
중급,0,부잣집
초급,0,부장
고급,0,부재
중급,0,부정01
중급,0,부정06
중급,0,부정적01/부정적02
중급,0,부정확
초급,0,부족01
중급,0,부족02
중급,0,부주의
초급,0,부지런하다
중급,0,부지런히
고급,0,부진
고급,0,부쩍
고급,0,부착
중급,0,부채01
고급,0,부채02
중급,0,부처01
고급,0,부추기다
고급,0,부축
중급,0,부츠
고급,0,부치다01
초급,0,부치다02
중급,0,부치다04
중급,0,부친
초급,0,부탁
고급,0,부패
고급,0,부풀다
고급,0,부풀리다
중급,0,부품
고급,0,부피
고급,0,부하02
고급,0,부활
고급,0,북01
중급,0,북02
고급,0,북극
고급,0,북돋다
고급,0,북돋우다
중급,0,북미
고급,0,북받치다
중급,0,북부
고급,0,북적거리다
초급,0,북쪽
고급,0,북한
고급,0,북향
초급,0,분01
고급,0,-분01
초급,0,분02
고급,0,분04
고급,0,분간
고급,0,분기
중급,0,분노
중급,0,분단03
고급,0,분담
중급,0,분량
중급,0,분류
중급,0,분리
고급,0,분리수거
중급,0,분명
초급,0,분명하다
중급,0,분명히
고급,0,분배
고급,0,분별
고급,0,분분하다
고급,0,분산
중급,0,분석
중급,0,분수01
중급,0,분수03
초급,0,분식
중급,0,분실
중급,0,분실물
중급,0,분야
고급,0,분열
초급,0,분위기
고급,0,분유
고급,0,분쟁
고급,0,분주하다02
고급,0,분출
중급,0,분포
중급,0,분필
고급,0,분하다
고급,0,분해
초급,0,분홍색
중급,0,불 -02
초급,0,불01
중급,0,불가
중급,0,불가능
고급,0,불가사의
중급,0,불가피하다
고급,0,불경02
고급,0,불경기
초급,0,불고기
고급,0,불과
고급,0,불과하다
중급,0,불교
중급,0,불구하다
중급,0,불규칙
중급,0,불균형
고급,0,불길
고급,0,불길하다
중급,0,불꽃
고급,0,불꽃놀이
초급,0,불다
고급,0,불량
고급,0,불량품
고급,0,불러내다
고급,0,불러들이다
고급,0,불러오다
중급,0,불러일으키다
중급,0,불리
고급,0,불리다01
중급,0,불리다02
중급,0,불만
중급,0,불만족
중급,0,불만족스럽다
고급,0,불면증
고급,0,불명
고급,0,불모지
중급,0,불법01
고급,0,불분명하다
중급,0,불빛
고급,0,불상
고급,0,불성실
고급,0,불신
초급,0,불쌍하다
고급,0,불쑥
초급,0,불안
고급,0,불안감
고급,0,불안정
중급,0,불어
고급,0,불어나다
고급,0,불어넣다
중급,0,불어오다
중급,0,불완전
고급,0,불우
고급,0,불의
중급,0,불이익
고급,0,불참
중급,0,불충분
고급,0,불치병
중급,0,불친절
중급,0,불쾌
고급,0,불쾌지수
고급,0,불투명
초급,0,불편
중급,0,불평01
중급,0,불평등
중급,0,불필요
중급,0,불행
고급,0,불행히
고급,0,불화
중급,0,불확실
고급,0,불황
고급,0,불효자00
초급,0,붉다
고급,0,붉은색
고급,0,붉히다
고급,0,붐
중급,0,붐비다
고급,0,붓
중급,0,붓다01
중급,0,붓다02
고급,0,붕괴
고급,0,붕대
초급,0,붙다
중급,0,붙들다
고급,0,붙들리다
초급,0,붙이다
중급,0,붙잡다
중급,0,붙잡히다
중급,0,뷔페
고급,0,브랜드
고급,0,브레이크
초급,0,블라우스
고급,0,블로그00
중급,0,-비
중급,0,비 -01
초급,0,비01
고급,0,비겁하다
중급,0,비결
고급,0,비관
고급,0,비관적01/비관적02
초급,0,비교
중급,0,비교적01/ 비교적02/비교적03
고급,0,비굴하다
중급,0,비극
고급,0,비극적01/비극적02
중급,0,비기다01
고급,0,비기다02
중급,0,비난
초급,0,비누
중급,0,비닐
초급,0,비다
고급,0,비단
고급,0,비둘기
초급,0,비디오
고급,0,비뚤어지다
고급,0,비례
중급,0,비로소
중급,0,비록01
중급,0,비롯되다
중급,0,비롯하다
고급,0,비료
고급,0,비리
고급,0,비리다
중급,0,비만01
중급,0,비명02
초급,0,비밀
중급,0,비밀번호
고급,0,비밀스럽다
중급,0,비바람
고급,0,비방02
중급,0,비법
중급,0,비비다
초급,0,비빔밥
고급,0,비상00
중급,0,비상01
중급,0,비상구
고급,0,비상금
고급,0,비상약00
중급,0,비상하다
고급,0,비서
고급,0,비속어
고급,0,비스듬히
초급,0,비슷하다
초급,0,비싸다
고급,0,비약적01/비약적02
고급,0,비염
중급,0,비용
중급,0,비우다
중급,0,비웃다
고급,0,비웃음
고급,0,비위
중급,0,비유
고급,0,비유적01/비유적02
중급,0,비율
중급,0,비자
고급,0,비전
고급,0,비정상적00
고급,0,비좁다
중급,0,비중
고급,0,비참하다
중급,0,비추다
중급,0,비치다
중급,0,비키다
중급,0,비타민
중급,0,비틀거리다
중급,0,비판
중급,0,비판적01/비판적02
고급,0,비평
고급,0,비품
고급,0,비하
중급,0,비하다
중급,0,비행03
초급,0,비행기
중급,0,비행장
고급,0,빈곤
고급,0,빈도
고급,0,빈둥거리다
고급,0,빈민
고급,0,빈번하다
고급,0,빈부
고급,0,빈소
고급,0,빈약
중급,0,빈자리
고급,0,빈칸
고급,0,빈털터리
고급,0,빈틈
고급,0,빈틈없다
고급,0,빈틈없이
고급,0,빈혈
중급,0,빌다01
고급,0,빌다02
초급,0,빌딩
초급,0,빌리다
중급,0,빗
고급,0,빗기다
고급,0,빗나가다
중급,0,빗다
중급,0,빗물
중급,0,빗방울
고급,0,빗줄기
고급,0,빙산
고급,0,빙수
고급,0,빙하
중급,0,빚
중급,0,빚다
고급,0,빚어지다
중급,0,빛
중급,0,빛깔
중급,0,빛나다
고급,0,빛내다
고급,0,빠듯하다
중급,0,빠뜨리다
초급,0,빠르다
중급,0,빠져나가다
중급,0,빠져나오다
중급,0,빠지다01
초급,0,빠지다02
중급,0,빠짐없이
고급,0,빡빡하다
고급,0,빤히
초급,0,빨간색
중급,0,빨강
초급,0,빨갛다
중급,0,빨개지다
중급,0,빨다01
초급,0,빨다02
초급,0,빨래
초급,0,빨리
초급,0,빵01
초급,0,빵집
고급,0,빼내다
중급,0,빼놓다
초급,0,빼다01
고급,0,빼돌리다
중급,0,빼앗기다
중급,0,빼앗다
고급,0,뺏기다
중급,0,뺏다
고급,0,뺑소니
중급,0,뺨
고급,0,뺨치다
고급,0,뻔뻔하다
고급,0,뻔하다02
고급,0,뻔히
중급,0,뻗다
고급,0,뻗치다
고급,0,뻘뻘02
중급,0,뼈
중급,0,뽀뽀
고급,0,뽐내다
초급,0,뽑다
중급,0,뽑히다
고급,0,뾰족하다
고급,0,뿌듯하다
중급,0,뿌리
고급,0,뿌리내리다
중급,0,뿌리다
중급,0,뿌리치다
고급,0,뿔01
고급,0,뿜다
고급,0,뿜어내다
중급,0,삐다
중급,0,-사01
초급,0,사01/사02
중급,0,-사05
중급,0,-사06
고급,0,사각지대
고급,0,사각형
초급,0,사거리
중급,0,사건
고급,0,사격
초급,0,사계절
초급,0,사고01
고급,0,사고02
고급,0,사고력
중급,0,사고방식
고급,0,사공
초급,0,사과01
중급,0,사과02
고급,0,사교02
고급,0,사교육
고급,0,사교육비
중급,0,사교적01/ 사교적02
초급,0,사귀다
고급,0,사극
고급,0,사기01
중급,0,사기03
중급,0,사나이
고급,0,사납다
중급,0,사내01
중급,0,사냥
초급,0,사다
중급,0,사들이다
중급,0,사라지다
초급,0,사람
초급,0,사랑01
중급,0,사랑스럽다
중급,0,사례01
중급,0,사로잡다
고급,0,사로잡히다
고급,0,사리02
중급,0,사립
중급,0,사막
중급,0,사망
고급,0,사면초가
중급,0,사무
중급,0,사무소
초급,0,사무실
고급,0,사무적01/사무적02
중급,0,사무직
중급,0,사물
고급,0,사물놀이
고급,0,사뭇
중급,0,사방
고급,0,사법
고급,0,사법부
고급,0,사복
고급,0,사사건건01/사사건건02
중급,0,사상01
고급,0,사상02
고급,0,사상가
고급,0,사상누각
고급,0,사색02
중급,0,사생활
중급,0,사설02
중급,0,사소하다
고급,0,사슬
고급,0,사슴
고급,0,사시사철
초급,0,사실01/사실02
고급,0,사실상01/사실상02
고급,0,사실적01/사실적02
초급,0,사십01/사십02
고급,0,사양02
초급,0,사업
중급,0,사업가
중급,0,사업자
고급,0,사업주00
고급,0,사업체
중급,0,사연04
초급,0,사용
중급,0,사용법
중급,0,사용자
중급,0,사우나
고급,0,사원
고급,0,사원00
초급,0,사월
중급,0,사위
고급,0,사유00
고급,0,사은품
초급,0,사이
초급,0,사이다
중급,0,사이버00
중급,0,사이좋다
초급,0,사이즈
중급,0,사이트
중급,0,사인02
중급,0,사자02
고급,0,사자성어00
초급,0,사장
중급,0,사적01/사적02
중급,0,사전00
중급,0,사전01
초급,0,사전02
중급,0,사정01
고급,0,사지01
초급,0,사진
중급,0,사진관
중급,0,사진첩
중급,0,사촌
중급,0,사춘기
고급,0,사치
고급,0,사치스럽다
초급,0,사탕
중급,0,사태02
고급,0,사퇴
중급,0,사투리
중급,0,사표02
고급,0,사필귀정
중급,0,사항
고급,0,사형
고급,0,사회01
중급,0,사회02
중급,0,사회생활
중급,0,사회자
중급,0,사회적01/사회적02
고급,0,사회주의
고급,0,사후02
초급,0,사흘
고급,0,삭막하다
중급,0,삭제
고급,0,-산
초급,0,산01
고급,0,산간
고급,0,산골
중급,0,산길
중급,0,산꼭대기
고급,0,산더미
고급,0,산뜻하다
고급,0,산림
고급,0,산만하다
고급,0,산맥
고급,0,산모
고급,0,산물
중급,0,산불
고급,0,산사태
고급,0,산성
고급,0,산성비
고급,0,산소01
고급,0,산소02
중급,0,산속
중급,0,산업
고급,0,산업화
초급,0,산책
고급,0,산하02
초급,0,살01
초급,0,살03
고급,0,살균
고급,0,살금살금
초급,0,살다
중급,0,살리다
중급,0,살림
고급,0,살며시
중급,0,살아가다
중급,0,살아나다
중급,0,살아남다
중급,0,살아오다
중급,0,살인
중급,0,살짝
중급,0,살찌다
중급,0,살펴보다
중급,0,살피다
고급,0,살해
중급,0,삶
중급,0,삶다
초급,0,삼01/삼02
고급,0,삼가다
고급,0,삼각형
초급,0,삼거리
초급,0,삼겹살
초급,0,삼계탕
중급,0,삼다
고급,0,삼림욕
고급,0,삼복더위
고급,0,삼삼오오
초급,0,삼십01/삼십02
초급,0,삼월
초급,0,삼촌
중급,0,삼키다
중급,0,상01
고급,0,-상01
중급,0,상02
고급,0,상03
초급,0,상06
중급,0,상가01
고급,0,상갓집00
고급,0,상거래
고급,0,상견례
중급,0,상관02
중급,0,상관없다
중급,0,상관없이
중급,0,상금
고급,0,상냥하다
중급,0,상담
중급,0,상담실00
중급,0,상담원
고급,0,상당
고급,0,상당수
중급,0,상당하다
중급,0,상당히
중급,0,상대
중급,0,상대방
중급,0,상대적01·상대적02
중급,0,상대편
중급,0,상류
고급,0,상류층
고급,0,상반00
중급,0,상반기
고급,0,상반신
고급,0,상봉
고급,0,상부상조
중급,0,상사00
중급,0,상상
중급,0,상상력
고급,0,상세하다
고급,0,상속
중급,0,상승
고급,0,상승세
중급,0,상식
고급,0,상실
고급,0,상심
중급,0,상업
고급,0,상업적01/상업적02
고급,0,상여
고급,0,상여금
중급,0,상영
고급,0,상영관00
고급,0,상용
고급,0,상위
고급,0,상위권
고급,0,상응
고급,0,상의02
고급,0,상이하다
고급,0,상인
초급,0,상자
고급,0,상장02
중급,0,상점
고급,0,상주01
중급,0,상징
고급,0,상차림
초급,0,상처02
고급,0,상체
초급,0,상추
중급,0,상쾌하다
중급,0,상태
고급,0,상표
초급,0,상품02
고급,0,상품권
중급,0,상하
중급,0,상하다
고급,0,상향
고급,0,상호01/상호02
중급,0,상황
고급,0,샅샅이
중급,0,새01
초급,0,새02
초급,0,새03
중급,0,새기다
고급,0,새까맣다
중급,0,새끼02
중급,0,새다01
중급,0,새다02
고급,0,새댁
초급,0,새로
중급,0,새로이
초급,0,새롭다
초급,0,새벽
중급,0,새삼
고급,0,새삼스럽다
고급,0,새싹
중급,0,새엄마
고급,0,새옹지마
중급,0,새우
중급,0,새우다
중급,0,새집01
고급,0,새콤하다
고급,0,새파랗다
고급,0,새하얗다
초급,0,새해
초급,0,색
초급,0,색깔
중급,0,색다르다
고급,0,색상
고급,0,색채
초급,0,샌드위치
중급,0,샌들
고급,0,샘02
고급,0,샘물
고급,0,생
고급,0,생-
중급,0,-생01
중급,0,-생02
초급,0,생각
초급,0,생각나다
중급,0,생겨나다
고급,0,생계
중급,0,생기
초급,0,생기다01
중급,0,생김새
중급,0,생년월일
고급,0,생동감
중급,0,생략
중급,0,생머리
중급,0,생명
고급,0,생명력
고급,0,생명체
고급,0,생물
중급,0,생방송
고급,0,생사
중급,0,생산
고급,0,생산량
고급,0,생산성
고급,0,생산자
고급,0,생산적01/생산적02
고급,0,생산지
중급,0,생생하다
초급,0,생선
고급,0,생성
고급,0,생소하다
고급,0,생수
초급,0,생신
고급,0,생애
초급,0,생일
고급,0,생전01/생전02
중급,0,생존
고급,0,생태02
고급,0,생태계
고급,0,생필품
초급,0,생활
고급,0,생활고
고급,0,생활권
중급,0,생활비
중급,0,생활용품
고급,0,생활화
초급,0,샤워
중급,0,샴푸
중급,0,서02
고급,0,서구
고급,0,서글프다
초급,0,서너
중급,0,서넛
중급,0,서늘하다
초급,0,서다
고급,0,서두
초급,0,서두르다
초급,0,서랍
중급,0,서럽다
초급,0,서로02
고급,0,서론
초급,0,서류
초급,0,서른02·서른01
고급,0,서리다
고급,0,서먹하다
고급,0,서면00
중급,0,서명
고급,0,서민
고급,0,서민적01/서민적02
중급,0,서부
초급,0,서비스
고급,0,서비스업
중급,0,서서히
고급,0,서성거리다
고급,0,서성이다
고급,0,서술
고급,0,서술어
고급,0,서슴없이
고급,0,서신
초급,0,서양
고급,0,서양식
중급,0,서양인
고급,0,서열
고급,0,서예
중급,0,서운하다
초급,0,서울
고급,0,서재
중급,0,서적
초급,0,서점
초급,0,서쪽
중급,0,서투르다
중급,0,서툴다
고급,0,서평
고급,0,서향
고급,0,-석
고급,0,석01
고급,0,석사
중급,0,석유
고급,0,석탄
초급,0,섞다
중급,0,섞이다
고급,0,선01
중급,0,선04
중급,0,선거
고급,0,선고
고급,0,선교
고급,0,선교사
중급,0,선글라스
고급,0,선동적01/선동적02
고급,0,선두
고급,0,선뜻
고급,0,선명하다
초급,0,선물
고급,0,선박
고급,0,선반
고급,0,선발02
초급,0,선배
고급,0,선보이다
고급,0,선불
고급,0,선비01
초급,0,선생님
초급,0,선선하다
초급,0,선수02
중급,0,선약
고급,0,선언
고급,0,선의
고급,0,선입견
중급,0,선전01
중급,0,선정02
고급,0,선정적01/선정적02
고급,0,선조
중급,0,선진
중급,0,선진국
고급,0,선착순
고급,0,선천적01/선천적02
고급,0,선출
초급,0,선택
초급,0,선풍기
고급,0,선풍적01/선풍적02
고급,0,선하다01
고급,0,선하다02
고급,0,선행01
고급,0,선행02
중급,0,선호
고급,0,선호도
고급,0,선후배
고급,0,섣불리
고급,0,-설
중급,0,설01
고급,0,설03
초급,0,설거지
고급,0,설계
고급,0,설교
초급,0,설날
중급,0,설득
고급,0,설득력
초급,0,설렁탕
중급,0,설레다
고급,0,설령
중급,0,설립
중급,0,설마
초급,0,설명
고급,0,설명문
중급,0,설명서
중급,0,설문
중급,0,설문지
고급,0,설비
중급,0,설사01
고급,0,설사02
고급,0,설상가상
고급,0,설움
중급,0,설정
중급,0,설치
고급,0,설치다02
초급,0,설탕
초급,0,섬03
고급,0,섬기다
고급,0,섬세하다
고급,0,섬유
고급,0,섬유질
고급,0,섭리
초급,0,섭섭하다
중급,0,섭씨
고급,0,섭외
고급,0,섭취
중급,0,-성
초급,0,성02
고급,0,성03
초급,0,성격
고급,0,성경
초급,0,성공
중급,0,성공적01/성공적02
중급,0,성과
고급,0,성금
고급,0,성급하다
고급,0,성냥
고급,0,성년
고급,0,성능
중급,0,성당
고급,0,성대
고급,0,성대하다
중급,0,성립
중급,0,성명01
고급,0,성묘
중급,0,성별
고급,0,성분
고급,0,성비
고급,0,성사
고급,0,성수기
중급,0,성숙
중급,0,성실
고급,0,성실성
고급,0,성실히
고급,0,성의
중급,0,성인01
고급,0,성인02
고급,0,성인병
중급,0,성장
고급,0,성장기
고급,0,성적01/성적02
초급,0,성적03
고급,0,성적순00
중급,0,성적표
고급,0,성직자
중급,0,성질
고급,0,성차별
고급,0,성취
고급,0,성취도
고급,0,성품
고급,0,성하다01
초급,0,성함
고급,0,성향
고급,0,성형
고급,0,성형외과
고급,0,성화01
초급,0,세01
고급,0,세03
고급,0,세04
초급,0,세05
초급,0,세계
고급,0,세계관
중급,0,세계적01/세계적02
중급,0,세계화
고급,0,세관
고급,0,세균
중급,0,세금
중급,0,세기
고급,0,세다01
중급,0,세다02
초급,0,세다03
중급,0,세대01
중급,0,세대02
중급,0,세력
중급,0,세련되다
중급,0,세로01/세로02
고급,0,세면도구
중급,0,세모
중급,0,세미나
고급,0,세밀하다
초급,0,세배
고급,0,세부
초급,0,세상
초급,0,세수01
고급,0,세심하다
초급,0,세우다
중급,0,세월
중급,0,세일
중급,0,세제01
고급,0,세제02
중급,0,세차
고급,0,세차다
초급,0,세탁
초급,0,세탁기
중급,0,세탁물
초급,0,세탁소
고급,0,세태
중급,0,세트
고급,0,세포
고급,0,센서
초급,0,센터
중급,0,센티
초급,0,센티미터
초급,0,셋
초급,0,셋째02/셋째01/셋째03
중급,0,셔츠
중급,0,-소
중급,0,소 -02
초급,0,소02
중급,0,소감
초급,0,소개
고급,0,소개서
중급,0,소개팅
초급,0,소고기
중급,0,소규모
중급,0,소극장
중급,0,소극적01/소극적02
초급,0,소금
중급,0,소금물
중급,0,소나기
중급,0,소나무
중급,0,소녀03
중급,0,소년
중급,0,소독
중급,0,소독약
고급,0,소동
중급,0,소득
고급,0,소란
고급,0,소란스럽다
고급,0,소량
고급,0,소름
초급,0,소리
중급,0,소리치다
중급,0,소매01
고급,0,소매02
고급,0,소멸
고급,0,소모
중급,0,소문
중급,0,소문나다
고급,0,소박하다01
중급,0,소방관
중급,0,소방서
중급,0,소방차
중급,0,소변
중급,0,소비
고급,0,소비량
중급,0,소비자
초급,0,소설02
중급,0,소설가
중급,0,소설책
고급,0,소속
고급,0,소송
중급,0,소수02
중급,0,소스01
중급,0,소시지
고급,0,소식01
초급,0,소식02
고급,0,소신02
고급,0,소실
고급,0,소심하다
고급,0,소아
중급,0,소아과
고급,0,소양
고급,0,소외
고급,0,소외감
중급,0,소요01
중급,0,소용
중급,0,소용없다
중급,0,소원
고급,0,소위02
중급,0,소유
고급,0,소유자
중급,0,소음
고급,0,소인01
고급,0,소장01
고급,0,소장03
고급,0,소재01
중급,0,소재02
초급,0,소주
초급,0,소중하다
중급,0,소중히
고급,0,소지02
중급,0,소지품
고급,0,소질
고급,0,소통
초급,0,소파
초급,0,소포
고급,0,소품
초급,0,소풍
고급,0,소프트웨어
중급,0,소형
고급,0,소형차
중급,0,소홀하다
고급,0,소홀히
중급,0,소화
고급,0,소화기01
고급,0,소화기02
초급,0,소화제
초급,0,속
중급,0,속눈썹
중급,0,속다
중급,0,속담
초급,0,속도
고급,0,속력
중급,0,속마음
고급,0,속보02
고급,0,속삭이다
중급,0,속상하다
고급,0,속설
고급,0,속성02
고급,0,속셈
고급,0,속속
고급,0,속속들이
고급,0,속수무책
고급,0,속어
초급,0,속옷
중급,0,속이다
고급,0,속임수
중급,0,속하다
초급,0,손01
초급,0,손가락
고급,0,손가락질
중급,0,손가방
중급,0,손길
고급,0,손꼽다
고급,0,손꼽히다
중급,0,손끝
초급,0,손녀
초급,0,손님
고급,0,손대다
중급,0,손등
고급,0,손맛
중급,0,손목
중급,0,손목시계
초급,0,손바닥
중급,0,손발
중급,0,손뼉
고급,0,손상
고급,0,손색
고급,0,손수
초급,0,손수건
중급,0,손쉽다
고급,0,손실
고급,0,손아귀
중급,0,손자
중급,0,손잡다
중급,0,손잡이
중급,0,손질
고급,0,손짓
중급,0,손톱
중급,0,손해
고급,0,솔01
고급,0,솔깃하다
고급,0,솔로
중급,0,솔직하다
중급,0,솔직히
고급,0,솜
중급,0,솜씨
고급,0,솟구치다
중급,0,솟다
고급,0,솟아나다01/솟아나다02
고급,0,솟아오르다
고급,0,송금
고급,0,송년
중급,0,송별회
중급,0,송아지
중급,0,송이
초급,0,송편
고급,0,솥
고급,0,쇄도
중급,0,쇠
중급,0,쇠고기
고급,0,쇠퇴
중급,0,쇼
초급,0,쇼핑
중급,0,쇼핑몰
중급,0,쇼핑센터
고급,0,수-02
중급,0,수06
초급,0,수10
고급,0,수강
초급,0,수건
초급,0,수고
고급,0,수긍
고급,0,수녀
중급,0,수년
중급,0,수다
고급,0,수다스럽다
중급,0,수단01
고급,0,수당
중급,0,수도01
중급,0,수도02
고급,0,수도03
중급,0,수도권
중급,0,수도꼭지
중급,0,수돗물
고급,0,수동01
중급,0,수동적01/수동적02
고급,0,수두룩하다
중급,0,수량
고급,0,수려하다
고급,0,수록
고급,0,수료
중급,0,수리03
중급,0,수리비
고급,0,수립
중급,0,수만02/수만01
중급,0,수많다
고급,0,수면01
중급,0,수면02
중급,0,수면제
중급,0,수명
고급,0,수목
초급,0,수박
고급,0,수발01
중급,0,수백02/수백01
고급,0,수법
고급,0,수분01
고급,0,수비
중급,0,수사01
고급,0,수사02
고급,0,수사관
고급,0,수산
고급,0,수산물
고급,0,수산업
고급,0,수상02
중급,0,수상03
고급,0,수상하다02
고급,0,수색
고급,0,수석02
중급,0,수선02
고급,0,수소문
중급,0,수속
고급,0,수송
중급,0,수수께끼
중급,0,수수료
고급,0,수수하다
초급,0,수술02
중급,0,수시로
고급,0,수신자
중급,0,수십02/수십01
초급,0,수업02
중급,0,수없이
고급,0,수염
초급,0,수영
초급,0,수영복
초급,0,수영장
고급,0,수완
중급,0,수요
초급,0,수요일
고급,0,수용02
중급,0,수용03
고급,0,수용자00
고급,0,수월하다
고급,0,수익
고급,0,수익금
중급,0,수입01
중급,0,수입02
중급,0,수입품
고급,0,수재민00
초급,0,수저
중급,0,수정03
중급,0,수준
고급,0,수줍다
고급,0,수줍음
고급,0,수중02
고급,0,수증기
고급,0,수지
고급,0,수직
고급,0,수질
고급,0,수집01
중급,0,수집02
고급,0,수차례
중급,0,수천02/수천01
초급,0,수첩
중급,0,수출
고급,0,수치01
고급,0,수치02
고급,0,수칙
고급,0,수컷
고급,0,수평
고급,0,수평선
중급,0,수표
고급,0,수필
고급,0,수학01
중급,0,수학02
고급,0,수학여행
고급,0,수해
중급,0,수행02
고급,0,수험
고급,0,수험생
고급,0,수혈
고급,0,수혜자
고급,0,수화기
고급,0,수확
중급,0,숙녀
고급,0,숙맥
고급,0,숙면
중급,0,숙박
중급,0,숙박비
중급,0,숙소
고급,0,숙식
중급,0,숙이다
초급,0,숙제
중급,0,순간
중급,0,순간적01/순간적02
고급,0,순대
초급,0,순두부찌개
고급,0,순발력
초급,0,순서
고급,0,순수
고급,0,순수성00
중급,0,순수하다
중급,0,순식간
중급,0,순위
고급,0,순응
고급,0,순전히
고급,0,순조롭다
중급,0,순진
중급,0,순하다
고급,0,순환
고급,0,순환기00
초급,0,숟가락
초급,0,술01
중급,0,술병02
중급,0,술자리
중급,0,술잔
초급,0,술집
중급,0,숨
중급,0,숨기다
중급,0,숨다
중급,0,숨소리
고급,0,숨죽이다
중급,0,숨지다
초급,0,숫자
고급,0,숭고하다
고급,0,숭늉
고급,0,숭배
중급,0,숲
중급,0,쉬다02
초급,0,쉬다03
초급,0,쉬다04
초급,0,쉰02·쉰01
초급,0,쉽다
고급,0,쉽사리
중급,0,쉿
중급,0,슈퍼
초급,0,슈퍼마켓
중급,0,스님
고급,0,스러지다
고급,0,스며들다
초급,0,스무
중급,0,스무째00
초급,0,스물
고급,0,스미다
초급,0,스스로02/스스로01
고급,0,스승
초급,0,스웨터
중급,0,스위치
중급,0,스치다
초급,0,스카프
중급,0,스커트
초급,0,스케이트
중급,0,스케줄
초급,0,스키
초급,0,스키장
초급,0,스타
중급,0,스타일
중급,0,스타킹
고급,0,스탠드
고급,0,스터디00
고급,0,스토리
중급,0,스튜디오
초급,0,스트레스
초급,0,스파게티
초급,0,스포츠
고급,0,슬그머니
고급,0,슬기롭다
중급,0,슬리퍼
고급,0,슬며시
고급,0,슬슬
중급,0,슬쩍
초급,0,슬퍼하다
초급,0,슬프다
초급,0,슬픔
초급,0,습관
고급,0,습관적01/습관적02
중급,0,습기
중급,0,습도
고급,0,습득
고급,0,습득00
고급,0,습성
중급,0,습하다
고급,0,승03/승04
고급,0,승강기
고급,0,승강장
중급,0,승객
중급,0,승낙
고급,0,승려
중급,0,승리
고급,0,승마
중급,0,승무원
고급,0,승부
고급,0,승승장구
중급,0,승용차
고급,0,승인
고급,0,승자
중급,0,승진
중급,0,승차
중급,0,승차권
중급,0,승패
고급,0,승합차
고급,0,-시
초급,0,시01
초급,0,시02/시03
중급,0,시04
중급,0,시각01
중급,0,시각02
고급,0,시각03
고급,0,시각적01/시각적02
초급,0,시간01/시간02
고급,0,시간대
고급,0,시간적01/시간적02
초급,0,시간표
초급,0,시계01
초급,0,시골
중급,0,시금치
고급,0,시급하다
고급,0,시급히
중급,0,시기01
고급,0,시기02
고급,0,시기상조
초급,0,시끄럽다
고급,0,시끌벅적하다
고급,0,시나리오
초급,0,시내02
중급,0,시내버스
고급,0,시냇물
고급,0,시늉
초급,0,시다
중급,0,시달리다
중급,0,시대
고급,0,시대적01/시대적02
중급,0,시댁
중급,0,시도
중급,0,시들다
중급,0,시디
중급,0,시력
고급,0,시련
고급,0,시름
고급,0,시리다
중급,0,시리즈
고급,0,시립
중급,0,시멘트
고급,0,시무룩하다
초급,0,시민
고급,0,시범
중급,0,시부모
고급,0,시비01
고급,0,시사02
고급,0,시사하다
고급,0,시사회
고급,0,시상01
고급,0,시상식
중급,0,시선
중급,0,시설
고급,0,시속
중급,0,시스템
고급,0,시시각각
고급,0,시시하다
고급,0,시신
중급,0,시아버지
중급,0,시야
초급,0,시어머니
중급,0,시외
중급,0,시외버스
고급,0,시원섭섭하다
고급,0,시원시원하다
초급,0,시원하다
초급,0,시월
고급,0,시위02
고급,0,시인01
중급,0,시인02
중급,0,시일
초급,0,시작01
중급,0,시장01
초급,0,시장02
고급,0,시적01/시적02
중급,0,시절
중급,0,시점02
고급,0,시정03
고급,0,시종일관
고급,0,시중01
중급,0,시중02
고급,0,시즌
중급,0,시집01
중급,0,시집02
중급,0,시집가다
초급,0,시청01
중급,0,시청02
고급,0,시청각
중급,0,시청률
중급,0,시청자
고급,0,시체
고급,0,시치미
고급,0,시커멓다
초급,0,시키다
중급,0,시합
중급,0,시행01
고급,0,시행착오
초급,0,시험
중급,0,시험지
고급,0,-식
고급,0,식01/식02
초급,0,식구
중급,0,식기
초급,0,식다
고급,0,식단
초급,0,식당
중급,0,식당가
중급,0,식량
고급,0,식량난00
중급,0,식료품
중급,0,식물
고급,0,식민지
중급,0,식비
초급,0,식빵
초급,0,식사
중급,0,식사량
고급,0,식상하다
고급,0,식생활
고급,0,식성
고급,0,식수
고급,0,식습관
중급,0,식욕
고급,0,식용
중급,0,식용유
고급,0,식은땀
중급,0,식중독
초급,0,식초
초급,0,식탁
초급,0,식품
중급,0,식품점
중급,0,식후
중급,0,식히다
중급,0,신-
중급,0,신01
고급,0,신03
중급,0,신경
고급,0,신경질
고급,0,신경통
중급,0,신고
고급,0,신곡00
고급,0,신규
고급,0,신기록
중급,0,신기하다01
중급,0,신나다
중급,0,신념
초급,0,신다
고급,0,신도시
고급,0,신라
초급,0,신랑
중급,0,신맛
고급,0,신명
초급,0,신문02
중급,0,신문사
중급,0,신문지
고급,0,신물
고급,0,신바람
초급,0,신발
중급,0,신부01
초급,0,신부02
중급,0,신분
초급,0,신분증
중급,0,신비
고급,0,신비롭다
중급,0,신사
고급,0,신상
중급,0,신상품
초급,0,신선하다
고급,0,신설
고급,0,신세01
중급,0,신세02
중급,0,신세대
고급,0,신속
고급,0,신속히
중급,0,신앙
고급,0,신약00
중급,0,신용
고급,0,신음
고급,0,신의
고급,0,신인
고급,0,신임01
고급,0,신임02
중급,0,신입
중급,0,신입생
고급,0,신자
고급,0,신장01
고급,0,신장03
중급,0,신제품
고급,0,신종
중급,0,신중
고급,0,신중히
고급,0,신진대사
초급,0,신청
중급,0,신청서
중급,0,신체
중급,0,신체적01/신체적02
고급,0,신축성
고급,0,신하
고급,0,신형
초급,0,신호
초급,0,신호등
중급,0,신혼
중급,0,신혼부부
초급,0,신혼여행
중급,0,신화
초급,0,싣다
고급,0,-실
중급,0,실01
고급,0,실04
중급,0,실감
중급,0,실내
중급,0,실력
초급,0,실례01
중급,0,실례02
중급,0,실리다01
고급,0,실마리
중급,0,실망
고급,0,실망스럽다
고급,0,실명02
고급,0,실무
고급,0,실물
고급,0,실상01/실상02
고급,0,실상03
고급,0,실속
초급,0,실수
중급,0,실습
중급,0,실시
고급,0,실시간
중급,0,실업01
고급,0,실업계
고급,0,실업률
고급,0,실업자
고급,0,실외
고급,0,실용
고급,0,실용성
중급,0,실용적01/실용적02
고급,0,실용화
중급,0,실은
중급,0,실장
고급,0,실재
고급,0,실적
고급,0,실정02
중급,0,실제02/실제01
중급,0,실제로
중급,0,실종
고급,0,실직
고급,0,실질
고급,0,실질적01/실질적02
중급,0,실천
고급,0,실천적01/실천적02
중급,0,실체
중급,0,실컷
고급,0,실크
고급,0,실태
초급,0,실패02
고급,0,실행
중급,0,실험
중급,0,실현
고급,0,실화
초급,0,싫다
초급,0,싫어하다
중급,0,싫증
중급,0,-심
고급,0,심각성
중급,0,심각하다
고급,0,심경
초급,0,심다
중급,0,심리
중급,0,심리적01/심리적02
중급,0,심부름
중급,0,심사02
고급,0,심사숙고
고급,0,심성
고급,0,심술궂다
고급,0,심신
초급,0,심심하다01
고급,0,심야
고급,0,심의
중급,0,심장
중급,0,심정
중급,0,심지어
중급,0,심판
초급,0,심하다
고급,0,심혈
고급,0,심화
고급,0,심히
초급,0,십01/십02
초급,0,십만02/십만01
중급,0,십상01/십상02
고급,0,십시일반
초급,0,십이월
초급,0,십일월
고급,0,십자가
고급,0,십중팔구
초급,0,싱겁다
고급,0,싱그럽다
중급,0,싱싱하다
중급,0,싸구려
고급,0,싸늘하다
고급,0,싸다00
초급,0,싸다01
중급,0,싸다02
초급,0,싸다03
초급,0,싸우다
중급,0,싸움
중급,0,싸이다
고급,0,싹01
고급,0,싹02
고급,0,싹트다
중급,0,싼값
초급,0,쌀
초급,0,쌀쌀하다
중급,0,쌍
고급,0,쌍꺼풀
중급,0,쌍둥이
고급,0,쌍방
고급,0,쌍벽
초급,0,쌓다01
중급,0,쌓이다
중급,0,썩
중급,0,썩다
초급,0,썰다
중급,0,썰렁하다
고급,0,썰매
고급,0,썰물
중급,0,쏘다
고급,0,쏘아보다
고급,0,쏙
고급,0,쏜살같이
중급,0,쏟다
중급,0,쏟아지다
고급,0,쏠리다
중급,0,쐬다01
중급,0,쑤시다01
고급,0,쑤시다02
중급,0,쑥스럽다
중급,0,쓰기
초급,0,쓰다01
초급,0,쓰다02
초급,0,쓰다03
초급,0,쓰다04
중급,0,쓰다듬다
고급,0,쓰러뜨리다
중급,0,쓰러지다
초급,0,쓰레기
초급,0,쓰레기통
고급,0,쓰리다
중급,0,쓰이다01
중급,0,쓰이다02
중급,0,쓴맛
중급,0,쓸다
중급,0,쓸데없다
중급,0,쓸데없이
고급,0,쓸모
중급,0,쓸쓸하다
고급,0,씀씀이
고급,0,씁쓸하다
중급,0,씌우다
중급,0,씨01
초급,0,씨02
중급,0,씨름
중급,0,씨앗
중급,0,-씩
고급,0,씩씩거리다
중급,0,씩씩하다
초급,0,씹다
중급,0,씻기다01
중급,0,씻기다02
초급,0,씻다
초급,0,아02
중급,0,아가
초급,0,아가씨
초급,0,아기
고급,0,아기자기하다
초급,0,아까02/아까01
중급,0,아깝다
중급,0,아끼다
고급,0,아낌없다
고급,0,아낌없이
초급,0,아나운서
초급,0,아내
중급,0,아냐
고급,0,아늑하다
초급,0,아니02
초급,0,아니다
초급,0,아니요
중급,0,아동
중급,0,아드님
고급,0,아득하다
초급,0,아들
고급,0,아랑곳없이
초급,0,아래
초급,0,아래쪽
중급,0,아래층
중급,0,아랫사람
중급,0,아랫집
초급,0,아르바이트
초급,0,아름답다
초급,0,아마
중급,0,아마도
초급,0,아무02/아무01
중급,0,아무개
초급,0,아무것
중급,0,아무래도01
중급,0,아무런01
중급,0,아무렇다
초급,0,아무리01
고급,0,아무쪼록
중급,0,아무튼
초급,0,아버님
초급,0,아버지
고급,0,아부
고급,0,아비
초급,0,아빠
중급,0,아쉬움
중급,0,아쉽다
고급,0,아슬아슬
중급,0,아시아
고급,0,아열대
중급,0,아예
고급,0,아우르다
중급,0,아울러
초급,0,아이01
중급,0,아이02
중급,0,아이고
고급,0,아이디
중급,0,아이디어
초급,0,아이스크림
고급,0,아장아장
초급,0,아저씨
초급,0,아주01
초급,0,아주머니
초급,0,아줌마
초급,0,아직
고급,0,아찔하다
초급,0,아침
중급,0,아침밥
중급,0,아침저녁00
초급,0,아파트
초급,0,아프다
중급,0,아프리카
중급,0,아픔
중급,0,아하
초급,0,아홉02/아홉01
중급,0,아홉째02/아홉째01/아홉째03
고급,0,아흐레
초급,0,아흔02/아흔01
고급,0,악01
고급,0,악03
초급,0,악기
고급,0,악마
중급,0,악몽
고급,0,악성00
중급,0,악수
고급,0,악순환
고급,0,악역
고급,0,악영향
고급,0,악용
고급,0,악의
중급,0,악취
고급,0,악하다
중급,0,악화
초급,0,안01
초급,0,안02
고급,0,안03
고급,0,안간힘
초급,0,안개
고급,0,안건
초급,0,안경
중급,0,안과
중급,0,안기다01
중급,0,안기다02
초급,0,안내
초급,0,안내문
중급,0,안내서00
중급,0,안내소
중급,0,안내원
중급,0,안내판
초급,0,안녕02
초급,0,안녕히
초급,0,안다
고급,0,안달
고급,0,안도
초급,0,안되다01
중급,0,안되다02
고급,0,안락
고급,0,안락사
고급,0,안목
중급,0,안방
중급,0,안부
중급,0,안색
고급,0,안성맞춤
중급,0,안심02
고급,0,안쓰럽다
중급,0,안약
고급,0,안이하다
고급,0,안일
초급,0,안전01
중급,0,안전띠
고급,0,안전벨트
고급,0,안절부절
중급,0,안정01
고급,0,안정감
고급,0,안정적01/안정적02
고급,0,안주01
중급,0,안주02
초급,0,안쪽
중급,0,안타까워하다
중급,0,안타깝다
중급,0,안팎
초급,0,앉다
중급,0,앉히다
중급,0,않다01
중급,0,알01/알02
초급,0,알다
고급,0,알뜰
중급,0,알레르기
중급,0,알려지다
초급,0,알리다
초급,0,알맞다
고급,0,알몸
고급,0,알선
중급,0,알아내다
중급,0,알아듣다
중급,0,알아맞히다
초급,0,알아보다
중급,0,알아주다
고급,0,알아차리다
고급,0,알아채다
중급,0,알차다
고급,0,알칼리성
중급,0,앓다
중급,0,암02
중급,0,암기
고급,0,암기력00
고급,0,암벽
고급,0,암시
고급,0,암컷
고급,0,암호
고급,0,암흑기
고급,0,압도
고급,0,압도적01/압도적02
중급,0,압력
고급,0,압박감
고급,0,압축
중급,0,앗
초급,0,앞
중급,0,앞길
중급,0,앞날
고급,0,앞다투다
고급,0,앞당기다
중급,0,앞두다
중급,0,앞뒤
중급,0,앞머리
중급,0,앞바다
중급,0,앞서
중급,0,앞서다
중급,0,앞세우다
고급,0,앞장
중급,0,앞장서다
고급,0,앞지르다
중급,0,앞집
초급,0,앞쪽
중급,0,애01
초급,0,애02
고급,0,애교
고급,0,애국
중급,0,애기
고급,0,애니메이션
고급,0,애매하다02
중급,0,애쓰다
고급,0,애완
고급,0,애완견
중급,0,애완동물
고급,0,애용
초급,0,애인
중급,0,애정
고급,0,애지중지
고급,0,애착
고급,0,애창곡
고급,0,애초01
고급,0,애칭
고급,0,애타다
고급,0,애틋하다
고급,0,-액
중급,0,액세서리
중급,0,액수
중급,0,액자
고급,0,액체
초급,0,앨범
초급,0,야02
중급,0,야간
중급,0,야경
고급,0,야광
초급,0,야구
중급,0,야근
고급,0,야기
중급,0,야단
고급,0,야단맞다
고급,0,야단치다
고급,0,야당
고급,0,야무지다
고급,0,야생
고급,0,야영
중급,0,야옹
중급,0,야외
고급,0,야유회
초급,0,야채
중급,0,야하다
초급,0,약02
초급,0,약03
초급,0,약간02/약간01
초급,0,약국
중급,0,약도
고급,0,약물
초급,0,약사
고급,0,약세00
고급,0,약소하다00
초급,0,약속
고급,0,약자01
중급,0,약점
고급,0,약탈
중급,0,약품
초급,0,약하다
중급,0,약혼
중급,0,약혼녀
중급,0,약혼자
고급,0,약화
고급,0,약효
고급,0,얄밉다
초급,0,얇다
중급,0,얌전
고급,0,얌체
중급,0,양02
중급,0,양04
중급,0,양06
고급,0,양07
고급,0,양가00
중급,0,양국
중급,0,양념
중급,0,양력
고급,0,양로원
초급,0,양말
고급,0,양반
중급,0,양배추
중급,0,양보
초급,0,양복
중급,0,양산01
고급,0,양상
고급,0,양성03
고급,0,양성평등
고급,0,양손
고급,0,양식01
초급,0,양식03
중급,0,양식04
고급,0,양식06
초급,0,양식집
중급,0,양심
중급,0,양옆
고급,0,양육
고급,0,양질
중급,0,양쪽
고급,0,양초
고급,0,양측
고급,0,양치
초급,0,양치질
중급,0,양파
고급,0,양해
중급,0,얕다
고급,0,얕보다
중급,0,얘03
초급,0,얘기
중급,0,-어01
초급,0,어02
고급,0,어간
고급,0,어감00
고급,0,어금니
중급,0,어긋나다
중급,0,어기다
고급,0,어김없이
초급,0,어깨
초급,0,어느
중급,0,어느덧
중급,0,어느새
고급,0,어둑어둑
고급,0,어둑어둑하다
중급,0,어둠
초급,0,어둡다
초급,0,어디01
초급,0,어떠하다
중급,0,어떡하다
초급,0,어떤
초급,0,어떻다
중급,0,어려움
중급,0,어려워하다
고급,0,어렴풋이
초급,0,어렵다
고급,0,어루만지다
중급,0,어르신
초급,0,어른
고급,0,어리다01
초급,0,어리다02
고급,0,어리둥절하다
중급,0,어리석다
초급,0,어린아이
중급,0,어린애
초급,0,어린이
고급,0,어린이집
고급,0,어마어마하다
중급,0,어머
초급,0,어머니
초급,0,어머님
고급,0,어미01
고급,0,어미02
고급,0,어민
고급,0,어부지리
중급,0,어색하다
초급,0,어서
고급,0,어설프다
고급,0,어수선하다
고급,0,어순
고급,0,어업
고급,0,어우러지다
초급,0,어울리다
고급,0,어원
고급,0,어이없다
중급,0,어저께02/어저께01
초급,0,어제02/어제01
초급,0,어젯밤
고급,0,어조
중급,0,어지럽다
고급,0,어지럽히다
고급,0,어지르다
중급,0,어쨌든01
중급,0,어쩌다02
중급,0,어쩌면01
중급,0,어쩐지
고급,0,어찌
중급,0,어찌나
중급,0,어찌하다
중급,0,어차피
고급,0,어처구니
고급,0,어처구니없다
고급,0,-어치
고급,0,어투
고급,0,어학
중급,0,어휘
중급,0,어휴
초급,0,억03/억02
고급,0,억누르다
고급,0,억세다
고급,0,억수
고급,0,억압
중급,0,억양
중급,0,억울하다
고급,0,억제
고급,0,억지
중급,0,억지로
중급,0,언급
초급,0,언니
중급,0,언덕
고급,0,언뜻
중급,0,언론
고급,0,언론사
고급,0,언론인
초급,0,언어
초급,0,언제01/언제02
초급,0,언제나
중급,0,언젠가
고급,0,언짢다
고급,0,언행
중급,0,얹다
고급,0,얹히다
초급,0,얻다
고급,0,얻어맞다
중급,0,얻어먹다
고급,0,얼
초급,0,얼굴
초급,0,얼다
중급,0,얼룩
중급,0,얼른
중급,0,얼리다
초급,0,얼마
중급,0,얼마간
초급,0,얼마나
고급,0,얼버무리다
고급,0,얼어붙다
초급,0,얼음
고급,0,얼핏
고급,0,얽매이다
고급,0,얽히다
중급,0,엄격
고급,0,엄격히
고급,0,엄두
초급,0,엄마
고급,0,엄살
중급,0,엄숙하다
고급,0,엄중하다
고급,0,엄지
고급,0,엄지손가락
고급,0,엄청
중급,0,엄청나다
고급,0,엄하다
고급,0,-업
중급,0,업계
중급,0,업다
중급,0,업무
고급,0,업소
고급,0,업자
중급,0,업적
고급,0,업종
중급,0,업체
초급,0,없다
중급,0,없애다
중급,0,없어지다
중급,0,없이
고급,0,엇갈리다
고급,0,엉금엉금
고급,0,엉기다
초급,0,엉덩이
중급,0,엉뚱하다
중급,0,엉망
고급,0,엉성하다
고급,0,엉엉
고급,0,엉키다
중급,0,엉터리
중급,0,엊그제02/엊그제01
고급,0,엎다
중급,0,엎드리다
중급,0,에너지
중급,0,에스컬레이터
고급,0,에어로빅
초급,0,에어컨
고급,0,에워싸다
초급,0,엘리베이터
중급,0,여02
중급,0,-여02
중급,0,여가
중급,0,여간
중급,0,여건
중급,0,여고
중급,0,여관
초급,0,여권02
초급,0,여기
중급,0,여기다
초급,0,여기저기
고급,0,여당
초급,0,여덟02/여덟01
중급,0,여덟째02/여덟째01/여덟째03
초급,0,여동생
고급,0,여드레
중급,0,여드름
초급,0,여든02/여든01
초급,0,여러
고급,0,여러모로
초급,0,여러분
중급,0,여럿
고급,0,여론
고급,0,여류
초급,0,여름
중급,0,여름철
중급,0,여름휴가
고급,0,여리다
중급,0,여보
초급,0,여보세요
중급,0,여부
고급,0,여사
초급,0,여섯02/여섯01
중급,0,여섯째02·여섯째01/여섯째03
초급,0,여성
고급,0,여성상00
고급,0,여성적01/여성적02
고급,0,여아00
고급,0,여야
고급,0,여우01
중급,0,여유
중급,0,여유롭다
고급,0,여의다
중급,0,여인
초급,0,여자
고급,0,여전하다
중급,0,여전히
고급,0,여정02
고급,0,여지00/여지
중급,0,여쭈다
초급,0,여쭙다
고급,0,여태
고급,0,여파
초급,0,여학생
초급,0,여행
중급,0,여행가
초급,0,여행사
초급,0,여행지
고급,0,역01
초급,0,역03
고급,0,역겹다
고급,0,역경
고급,0,역대
고급,0,역도
고급,0,역동적01/역동적02
고급,0,역량
초급,0,역사
중급,0,역사가
중급,0,역사상
중급,0,역사적01/역사적02
초급,0,역시
고급,0,역지사지
중급,0,역할
고급,0,역효과
중급,0,엮다
고급,0,엮이다
중급,0,연01
고급,0,연03
중급,0,연간
초급,0,연결
고급,0,연계
중급,0,연고01
중급,0,연관
중급,0,연구
중급,0,연구소
중급,0,연구실
중급,0,연구원01
중급,0,연구원02
중급,0,연구자
초급,0,연극
고급,0,연금01
중급,0,연기01
중급,0,연기02
중급,0,연기03
중급,0,연기자
고급,0,연날리기
고급,0,연대01
고급,0,연대02
중급,0,연도01
중급,0,연두색
초급,0,연락
초급,0,연락처
중급,0,연령
고급,0,연령층
고급,0,연료
초급,0,연말
고급,0,연말연시
중급,0,연못
중급,0,연봉
고급,0,연비
고급,0,연상01
고급,0,연상02
중급,0,연설
초급,0,연세
중급,0,연속
고급,0,연수
초급,0,연습02
중급,0,연애
고급,0,연약하다
고급,0,연연하다01/연연하다02
고급,0,연예
초급,0,연예인
중급,0,연인
고급,0,연일01/연일02
고급,0,연잇다
중급,0,연장02
고급,0,연장자
고급,0,연재
중급,0,연주
고급,0,연주자
중급,0,연주회
고급,0,연중
중급,0,연체
중급,0,연체료
고급,0,연초
중급,0,연출
중급,0,연탄
고급,0,연평균
초급,0,연필
고급,0,연하
중급,0,연하다
중급,0,연합
초급,0,연휴
초급,0,열02/열01
고급,0,열03
초급,0,열04
고급,0,열거
고급,0,열광
중급,0,열기
초급,0,열다
고급,0,열대
고급,0,열대야
고급,0,열등감
고급,0,열띠다
고급,0,열람실
고급,0,열량
고급,0,열렬하다
중급,0,열리다01
초급,0,열리다02
고급,0,열망
중급,0,열매
고급,0,열성
고급,0,열성00
고급,0,열성적01/열성적02
초급,0,열쇠
중급,0,열쇠고리
초급,0,열심히
고급,0,열악하다
고급,0,열의
중급,0,열정
중급,0,열중
중급,0,열째02/열째01/열째03
초급,0,열차
고급,0,열풍01
초급,0,열흘
고급,0,염두
고급,0,염려
중급,0,염색
고급,0,염소01
고급,0,염원
고급,0,염증
고급,0,염치
초급,0,엽서
중급,0,엿보다
고급,0,엿새
중급,0,영01
초급,0,영02
고급,0,영광
초급,0,영국
고급,0,영락없이00
고급,0,영리
중급,0,영리하다
고급,0,영문01
고급,0,영문02
중급,0,영상01
중급,0,영상02
고급,0,영세민
초급,0,영수증
중급,0,영양
고급,0,영양가
고급,0,영양사00
고급,0,영양소
중급,0,영양제
초급,0,영어
중급,0,영업
중급,0,영역
중급,0,영웅
중급,0,영원
중급,0,영원히
고급,0,영입
고급,0,영장
고급,0,영재
고급,0,영토
초급,0,영하
중급,0,영향
중급,0,영향력
중급,0,영혼
초급,0,영화01
중급,0,영화감독
초급,0,영화관
초급,0,영화배우
고급,0,영화제
초급,0,옆
고급,0,옆구리
초급,0,옆집
중급,0,예01
초급,0,예04
중급,0,예05
중급,0,예06
중급,0,예감
고급,0,예견
중급,0,예고
중급,0,예금
고급,0,예년
고급,0,예능
고급,0,예리하다
초급,0,예매
고급,0,예문
고급,0,예물
고급,0,예민하다
중급,0,예방
고급,0,예배
중급,0,예보
중급,0,예비
초급,0,예쁘다
고급,0,예사롭다
중급,0,예산
중급,0,예상
중급,0,예선
고급,0,예수
초급,0,예순02/예순01
초급,0,예술
중급,0,예술가
고급,0,예술성
중급,0,예술적01/예술적02
고급,0,예술품
초급,0,예습
고급,0,예시01
중급,0,예식장
초급,0,예약
고급,0,예언
중급,0,예외
고급,0,예외적01/예외적02
중급,0,예의
고급,0,예의범절
고급,0,예전
중급,0,예절
중급,0,예정
고급,0,예정일
고급,0,예체능
중급,0,예측
중급,0,예컨대
초급,0,옛
초급,0,옛날
중급,0,옛날이야기
고급,0,옛말00
중급,0,오02
초급,0,오03/오04
중급,0,오가다
고급,0,오기01
고급,0,오누이
초급,0,오늘02/오늘01
중급,0,오늘날
초급,0,오다01
고급,0,오디오
중급,0,오락01
중급,0,오락실
초급,0,오래
고급,0,오래가다
초급,0,오래간만
중급,0,오래도록
초급,0,오래되다
중급,0,오래오래
중급,0,오랜
초급,0,오랜만
초급,0,오랫동안
초급,0,오렌지
중급,0,오로지
고급,0,오류
중급,0,오르내리다
초급,0,오르다
고급,0,오르막길
중급,0,오른발
초급,0,오른손
초급,0,오른쪽
고급,0,오른팔
중급,0,오른편
고급,0,오름세
중급,0,오리
고급,0,오리다
고급,0,오만00
고급,0,오붓하다
초급,0,오빠
초급,0,오십01/오십02
중급,0,오염
초급,0,오월
초급,0,오이
초급,0,오전
고급,0,오죽
고급,0,오줌
중급,0,오직
중급,0,오징어
고급,0,오케스트라
중급,0,오토바이
중급,0,오페라
중급,0,오피스텔
중급,0,오해
초급,0,오후02
중급,0,오히려
고급,0,옥상
중급,0,옥수수
중급,0,온
중급,0,온갖
고급,0,온난화
고급,0,온대
초급,0,온도
고급,0,온돌
중급,0,온라인
중급,0,온몸
고급,0,온수
고급,0,온실가스00
고급,0,온전하다
고급,0,온전히
중급,0,온종일02/온종일01
중급,0,온천
중급,0,온통/온통00
고급,0,온화하다
중급,0,올
초급,0,올라가다
중급,0,올라서다
초급,0,올라오다
중급,0,올라타다
중급,0,올려놓다
중급,0,올려다보다
초급,0,올리다
초급,0,올림01
초급,0,올림픽
고급,0,올바로
중급,0,올바르다
중급,0,올여름
초급,0,올해
중급,0,옮기다
초급,0,옳다01
초급,0,옷
고급,0,옷감
초급,0,옷걸이
고급,0,옷깃
고급,0,옷자락
초급,0,옷장
중급,0,옷차림
고급,0,옹기종기
초급,0,와03
초급,0,와이셔츠
중급,0,와인
고급,0,완곡하다
고급,0,완공
고급,0,완료
고급,0,완만하다02
중급,0,완벽
중급,0,완성
고급,0,완성도
중급,0,완전
초급,0,완전히
고급,0,완주
고급,0,완치
고급,0,완쾌
고급,0,완화
고급,0,왈가왈부
초급,0,왕
고급,0,왕궁
고급,0,왕권
고급,0,왕따00
고급,0,왕래
중급,0,왕복
고급,0,왕위
고급,0,왕자01
고급,0,왕조
초급,0,왜02
고급,0,왜곡
초급,0,왜냐하면
고급,0,왜소하다
중급,0,왠지
중급,0,외02
중급,0,외갓집
중급,0,외과
중급,0,외교
중급,0,외교관
초급,0,외국
초급,0,외국어
초급,0,외국인
고급,0,외동딸
고급,0,외동아들
고급,0,외래
고급,0,외래어
중급,0,외로움
초급,0,외롭다
중급,0,외면01
중급,0,외모
고급,0,외무
고급,0,외무부00
중급,0,외박
중급,0,외부
중급,0,외삼촌
중급,0,외숙모
중급,0,외식
고급,0,외식비
고급,0,외신
중급,0,외아들
고급,0,외양
초급,0,외우다
고급,0,외유내강
고급,0,외적01/외적02
고급,0,외제
초급,0,외출
중급,0,외출복
중급,0,외치다
중급,0,외투01
중급,0,외할머니
중급,0,외할아버지
고급,0,외향적01/외향적02
고급,0,외형
고급,0,외형적01/외형적02
고급,0,외화01
고급,0,외환
중급,0,왼발
초급,0,왼손
초급,0,왼쪽
중급,0,왼편
중급,0,요01
중급,0,요03
중급,0,요가
고급,0,요건
중급,0,요구
중급,0,요구르트
초급,0,요금
고급,0,요란
고급,0,요령
초급,0,요리02
중급,0,요리법
초급,0,요리사
중급,0,요새01
중급,0,요소
중급,0,요약
고급,0,요양
고급,0,요양원
고급,0,요원
중급,0,요인
초급,0,요일
고급,0,요점
중급,0,요즈음
초급,0,요즘
중급,0,요청
고급,0,요컨대
고급,0,요트
중급,0,욕
고급,0,욕구
중급,0,욕망
고급,0,욕설
중급,0,욕실
중급,0,욕심
중급,0,-용
중급,0,용02
중급,0,용감하다
중급,0,용건
중급,0,용기01
고급,0,용기02
중급,0,용도
중급,0,용돈
고급,0,용량
고급,0,용례
고급,0,용모
고급,0,용법
중급,0,용서
중급,0,용어
고급,0,용의자
고급,0,용이하다
고급,0,용지
중급,0,용품
고급,0,용하다
고급,0,우거지다
고급,0,우기
중급,0,우기다
고급,0,우뇌00
고급,0,우대
초급,0,우동
고급,0,우두커니
고급,0,우뚝
고급,0,우량
고급,0,우러나다
고급,0,우렁차다
중급,0,우려
고급,0,우르르
초급,0,우리02
초급,0,우리나라
중급,0,우물
고급,0,우발적01/우발적02
초급,0,우산
초급,0,우선01
중급,0,우선02
고급,0,우선순위
고급,0,우선시00
고급,0,우성
고급,0,우세
중급,0,우수03
고급,0,우수성
고급,0,우스꽝스럽다
중급,0,우습다
중급,0,우승
중급,0,우아하다
고급,0,우여곡절
중급,0,우연
중급,0,우연히
고급,0,우열00
중급,0,우울
고급,0,우울증
고급,0,우월
고급,0,우위
초급,0,우유
고급,0,우유부단
중급,0,우정
중급,0,우주
고급,0,우직하다
초급,0,우체국
중급,0,우체통
중급,0,우측
고급,0,우파
중급,0,우편02
중급,0,우편물
중급,0,우편함
초급,0,우표
고급,0,우호적01/우호적02
중급,0,우회전
고급,0,우후죽순
중급,0,운01
초급,0,운동
중급,0,운동량
초급,0,운동복
중급,0,운동선수
초급,0,운동장
초급,0,운동화
중급,0,운명01
고급,0,운명적01/운명적02
중급,0,운반
고급,0,운송
고급,0,운수업
중급,0,운영
고급,0,운용
초급,0,운전
중급,0,운전기사
중급,0,운전면허00
초급,0,운전사
고급,0,운전자
고급,0,운항
중급,0,운행
초급,0,울다01
고급,0,울렁거리다
중급,0,울리다01
중급,0,울리다02
고급,0,울먹이다
고급,0,울부짖다
초급,0,울산
초급,0,울음
중급,0,울음소리
고급,0,울창하다
고급,0,울타리
고급,0,울퉁불퉁
고급,0,울퉁불퉁하다
초급,0,움직이다
중급,0,움직임
고급,0,움츠리다
고급,0,움켜잡다
고급,0,움켜쥐다
중급,0,웃기다
초급,0,웃다
고급,0,웃돌다
중급,0,웃어른
초급,0,웃음
중급,0,웃음소리
고급,0,웅성웅성
고급,0,웅장하다
고급,0,웅크리다
중급,0,워낙
고급,0,원-
초급,0,원01
중급,0,-원01
중급,0,-원02
중급,0,원03
고급,0,-원03
고급,0,원가
고급,0,원격
고급,0,원고01
고급,0,원금
고급,0,원동력
중급,0,원래02/원래01
고급,0,원료
중급,0,원룸
중급,0,원리
중급,0,원만하다
고급,0,원망
고급,0,원본
고급,0,원산지
고급,0,원색적01/원색적02
중급,0,원서02
고급,0,원수03
중급,0,원숭이
고급,0,원시01
고급,0,원심력
고급,0,원어민
고급,0,원유
중급,0,원인
고급,0,원자력
고급,0,원작
고급,0,원장01
고급,0,원조02
고급,0,원주민
중급,0,원칙
초급,0,원피스
초급,0,원하다
고급,0,원형01
고급,0,원형02
고급,0,원화
고급,0,원활
초급,0,월02/월01
중급,0,월03
고급,0,월간01
초급,0,월급
중급,0,월드컵
중급,0,월말
중급,0,월세
초급,0,월요일
고급,0,월차
중급,0,웬
중급,0,웬만하다
중급,0,웬일
고급,0,웰빙00
초급,0,위01
중급,0,위03
고급,0,위04
고급,0,위계질서
고급,0,위급하다
중급,0,위기
중급,0,위대하다
고급,0,위독하다
고급,0,위력
중급,0,위로
중급,0,위반
고급,0,위법
고급,0,위상
고급,0,위생
고급,0,위생적01/위생적02
고급,0,위성
중급,0,위아래
고급,0,위안
고급,0,위암
고급,0,위염
고급,0,위원
중급,0,위원회
고급,0,위인01
고급,0,위인02
고급,0,위조
고급,0,위주
초급,0,위쪽
고급,0,위축
중급,0,위층
초급,0,위치
고급,0,위태롭다
중급,0,위하다
초급,0,위험
중급,0,위험성
중급,0,위협
고급,0,위화감
중급,0,윗글00
중급,0,윗사람
고급,0,유02
고급,0,유가01
고급,0,유감
고급,0,유골
중급,0,유교
고급,0,유권자
고급,0,유기농
고급,0,유난스럽다
중급,0,유난히
중급,0,유능00
고급,0,유대감
고급,0,유도01
중급,0,유도02
고급,0,유독02
고급,0,유동
고급,0,유동적01/유동적02
중급,0,유람선
고급,0,유래
중급,0,유럽
고급,0,유례
중급,0,유료
중급,0,유리01
초급,0,유리02
중급,0,유리창
고급,0,유망
중급,0,유머
초급,0,유명
중급,0,유물
고급,0,유발
고급,0,유비무환
고급,0,유사02
중급,0,유산02
고급,0,유서02
고급,0,유세
고급,0,유식하다
고급,0,유심히
고급,0,유아01
고급,0,유언
고급,0,유언비어
고급,0,유연성
고급,0,유연하다01
고급,0,유용01
초급,0,유월
고급,0,유유상종
고급,0,유의
고급,0,유익
중급,0,유일
고급,0,유일무이
고급,0,유입
중급,0,유적
중급,0,유적지
고급,0,유전02
고급,0,유전병
고급,0,유전자
중급,0,유지01
고급,0,유창성
중급,0,유창하다
고급,0,유출
고급,0,유치02
초급,0,유치원
중급,0,유치하다00
중급,0,유쾌00
중급,0,유통
고급,0,유포
초급,0,유학01
고급,0,유학03
초급,0,유학생
고급,0,유해
초급,0,유행
고급,0,유행가
중급,0,유형02
중급,0,유혹
고급,0,유효
고급,0,유흥비
고급,0,유희
초급,0,육01/육02
초급,0,육교
중급,0,육군
고급,0,육로
고급,0,육류
고급,0,육상
고급,0,육식
초급,0,육십01/육십02
고급,0,육아
중급,0,육지
중급,0,육체
중급,0,육체적01/육체적02
고급,0,윤
고급,0,윤리
고급,0,윤리적00
중급,0,-율02
고급,0,율동
고급,0,융통성
고급,0,융합
초급,0,윷놀이
고급,0,으레
고급,0,으르다
고급,0,으스대다
중급,0,으악02
중급,0,은01
고급,0,은근히
고급,0,은메달
고급,0,은사01
고급,0,은은하다
고급,0,은퇴
초급,0,은행01
중급,0,은혜
고급,0,읊다
고급,0,음00
초급,0,음01
고급,0,음02
중급,0,음력
초급,0,음료
초급,0,음료수
고급,0,음모00
중급,0,음반
중급,0,음성01
초급,0,음식
중급,0,음식물
초급,0,음식점
초급,0,음악
초급,0,음악가
중급,0,음악회
중급,0,음주
고급,0,음질
고급,0,음치
고급,0,음향
초급,0,응
고급,0,응급
중급,0,응급실
고급,0,응급조치00
중급,0,응답
고급,0,응답자
고급,0,응모
중급,0,응시02
고급,0,응용
중급,0,응원
고급,0,응하다
고급,0,의02
중급,0,의견
고급,0,의과
중급,0,의논
고급,0,의대
중급,0,의도
고급,0,의도적01/의도적02
고급,0,의례적01/의례적02
고급,0,의뢰
고급,0,의료
중급,0,의류
고급,0,의리
중급,0,의무
중급,0,의무적01/의무적02
중급,0,의문
초급,0,의미
중급,0,의복
중급,0,의사01
초급,0,의사03
고급,0,의사소통
중급,0,의상
고급,0,의생활
고급,0,의성어
고급,0,의술
중급,0,의식01
중급,0,의식02
고급,0,의식적01/의식적02
고급,0,의식주
중급,0,의심
고급,0,의아하다
고급,0,의약품
중급,0,의외
고급,0,의외로
중급,0,의욕
고급,0,의욕적01/의욕적02
고급,0,의원02
고급,0,의의
초급,0,의자
고급,0,의젓하다
중급,0,의존
고급,0,의존도
고급,0,의존적01/의존적02
중급,0,의지01
중급,0,의지02
고급,0,의태어
고급,0,의하다
고급,0,의학
고급,0,의학적01/의학적02
고급,0,의향
고급,0,의혹
고급,0,의회
초급,0,이03
고급,0,이04
초급,0,이06/이05
초급,0,이07/이08
초급,0,이거
초급,0,이것
고급,0,이것저것01
고급,0,이견
초급,0,이곳
중급,0,이곳저곳
중급,0,이국적01/이국적02
고급,0,이글거리다
초급,0,이기다01
고급,0,이기심
중급,0,이기적01/이기적02
고급,0,이기주의
중급,0,이끌다
고급,0,이끌리다
초급,0,이날
중급,0,이내02
중급,0,이내03
중급,0,이념
고급,0,이다00
중급,0,이달
중급,0,이대로
중급,0,이동
고급,0,이득
고급,0,이듬해
중급,0,이따
초급,0,이따가
고급,0,이따금
초급,0,이때
고급,0,이래02
중급,0,이래서
중급,0,이러다
초급,0,이런01
중급,0,이런저런
초급,0,이렇다
고급,0,이레
고급,0,이력
중급,0,이력서
고급,0,이례적01/이례적02
중급,0,이론01
고급,0,이론적01/이론적02
중급,0,이롭다
고급,0,이루01
중급,0,이루다
중급,0,이루어지다
중급,0,이룩하다
고급,0,이륙
중급,0,이르다01
중급,0,이르다02
초급,0,이르다03
중급,0,이른바
고급,0,이를테면
초급,0,이름
고급,0,이름나다
중급,0,이름표
중급,0,이리02
중급,0,이리저리02
초급,0,이마
중급,0,이만02
중급,0,이만큼01/이만큼02
중급,0,이메일
고급,0,이면01
고급,0,이면지
초급,0,이모
초급,0,이미
중급,0,이미지
중급,0,이민
고급,0,이바지00
중급,0,이발
초급,0,이번
중급,0,이벤트
중급,0,이별
초급,0,이분
초급,0,이불
중급,0,이비인후과
초급,0,이사02
고급,0,이산가족
초급,0,이삿짐
초급,0,이상01
고급,0,이상02
초급,0,이상04
중급,0,이상적01/이상적02
고급,0,이상형
고급,0,이색적01/이색적02
중급,0,이성01
중급,0,이성02
고급,0,이성적01/이성적02
고급,0,이슬
고급,0,이슬람교
고급,0,이식
고급,0,이심전심
초급,0,이십01/이십02
초급,0,이야기
중급,0,이어
고급,0,이어받다
고급,0,이어서
중급,0,이어지다
고급,0,이어폰
고급,0,이열치열
중급,0,이왕02/이왕01
고급,0,이왕이면
중급,0,이외
초급,0,이용
중급,0,이용자
초급,0,이웃
중급,0,이웃집
초급,0,이월01
초급,0,이유
고급,0,이윤
중급,0,이윽고
고급,0,이의02
중급,0,이익
중급,0,이자02
초급,0,이전
중급,0,이전00
고급,0,이점
초급,0,이제02/이제01
고급,0,이제껏
중급,0,이제야
고급,0,이주
고급,0,이주민
고급,0,이중
고급,0,이직
고급,0,이직률
초급,0,이쪽
고급,0,이치
고급,0,이탈
중급,0,이튿날
초급,0,이틀
중급,0,이하
고급,0,이해01
초급,0,이해02
중급,0,이해관계
고급,0,이행02
중급,0,이혼
고급,0,이혼율00
초급,0,이후
초급,0,익다01
중급,0,익다02
고급,0,익명
고급,0,익살스럽다
초급,0,익숙하다
중급,0,익히다01
중급,0,익히다02
고급,0,-인
고급,0,인02
중급,0,인간
중급,0,인간관계
고급,0,인간미
중급,0,인간성
중급,0,인간적01/인간적02
고급,0,인건비
중급,0,인격
고급,0,인격적00
중급,0,인공
고급,0,인공위성
고급,0,인공적00
중급,0,인구
고급,0,인권
고급,0,인근
초급,0,인기
고급,0,인내
고급,0,인내심
중급,0,인도02
초급,0,인도네시아
고급,0,인도적01/인도적02
중급,0,인력
중급,0,인류
고급,0,인명00
고급,0,인문계00
고급,0,인문학
중급,0,인물
초급,0,인분02
고급,0,인사01
초급,0,인사02
고급,0,인사03
고급,0,인산인해
초급,0,인삼
중급,0,인삼차
중급,0,인상01
중급,0,인상02
중급,0,인상03
중급,0,인상적01/인상적02
고급,0,인상착의
고급,0,인색
중급,0,인생
고급,0,인생관
고급,0,인성
중급,0,인쇄
중급,0,인스턴트
중급,0,인식
중급,0,인심
중급,0,인연
중급,0,인용
중급,0,인원
고급,0,인위적01/인위적02
중급,0,인재01
고급,0,인적01/인적02
중급,0,인정01
중급,0,인정02
중급,0,인정받다
고급,0,인종
고급,0,인지03
고급,0,인지도
초급,0,인천
중급,0,인체
고급,0,인출
고급,0,인출기00
초급,0,인터넷
중급,0,인터뷰
고급,0,인턴
고급,0,인파
중급,0,인하
중급,0,인하다01
초급,0,인형
고급,0,-일
초급,0,일01
초급,0,일02/일03
중급,0,일04
초급,0,일06/일05
고급,0,일간지
고급,0,일감
고급,0,일거양득
초급,0,일곱02/일곱01
중급,0,일곱째02/일곱째01/일곱째03
고급,0,일과
고급,0,일관성
고급,0,일광욕
중급,0,일교차
고급,0,일그러지다
초급,0,일기03
고급,0,일깨우다
고급,0,일념
고급,0,일다
중급,0,일단01
중급,0,일대03
고급,0,일대일00
중급,0,일등
고급,0,일련
고급,0,일례
고급,0,일류
고급,0,일리
고급,0,일몰
중급,0,일반
고급,0,일반석
중급,0,일반인
중급,0,일반적01/일반적02
고급,0,일방적01/일방적02
초급,0,일본
중급,0,일본어
중급,0,일본인00
초급,0,일부
중급,0,일부러
중급,0,일부분
고급,0,일삼다
중급,0,일상
중급,0,일상생활
중급,0,일상적01/일상적02
고급,0,일상화
중급,0,일생
중급,0,일석이조
중급,0,일손
고급,0,일시01/일시02
중급,0,일시03
중급,0,일시불
중급,0,일시적01/일시적02
초급,0,일식01
초급,0,일식집
중급,0,일쑤/일쑤00
중급,0,일어
초급,0,일어나다
초급,0,일어서다
초급,0,일요일
고급,0,일원
초급,0,일월
중급,0,일으키다
중급,0,일일이
고급,0,일자02
중급,0,일자리
중급,0,일정01
중급,0,일정02
고급,0,일정량
중급,0,일정표
고급,0,일제히
중급,0,일종
고급,0,일주
초급,0,일주일
고급,0,일찌감치
초급,0,일찍
중급,0,일찍이
중급,0,일체02/일체01
중급,0,일출
중급,0,일치
고급,0,일컫다
고급,0,일탈
고급,0,일터
중급,0,일행
고급,0,일화
고급,0,일환
중급,0,일회용
중급,0,일회용품
초급,0,일흔02/일흔01
중급,0,읽기
초급,0,읽다
중급,0,읽히다01
중급,0,읽히다02
초급,0,잃다
초급,0,잃어버리다
중급,0,임금02
고급,0,임기
고급,0,임대
고급,0,임대료
고급,0,임명
중급,0,임무
고급,0,임산부
중급,0,임시
중급,0,임신
고급,0,임신부
고급,0,임업
고급,0,임용
고급,0,임원
고급,0,임종
고급,0,임하다02
초급,0,입
고급,0,입가
초급,0,입구
중급,0,입국
중급,0,입금
초급,0,입다
초급,0,입다00
중급,0,입대
중급,0,입력
중급,0,입맛
중급,0,입사
고급,0,입상
초급,0,입술
중급,0,입시
고급,0,입실
고급,0,입양
초급,0,입원
중급,0,입장01
중급,0,입장02
초급,0,입장권
중급,0,입장료
고급,0,입증
고급,0,입지00
초급,0,입학
중급,0,입학시험
중급,0,입학식
중급,0,입히다
중급,0,잇다
고급,0,잇달다
중급,0,잇따르다
고급,0,잇몸
초급,0,있다01/있다02
초급,0,잊다
초급,0,잊어버리다
중급,0,잊히다
초급,0,잎
중급,0,자01
중급,0,자03
중급,0,자04
중급,0,-자06
고급,0,자가
중급,0,자가용
고급,0,자각
고급,0,자갈
중급,0,자격
중급,0,자격증
고급,0,자국01
고급,0,자국02
고급,0,자그마하다
중급,0,자극
고급,0,자극적01/자극적02
고급,0,자금
고급,0,자급자족
중급,0,자기02/자기01
초급,0,자기소개
고급,0,자기중심적00
초급,0,자꾸
중급,0,자꾸만
고급,0,자네
중급,0,자녀
초급,0,자다
중급,0,자동
초급,0,자동차
초급,0,자동판매기
중급,0,자라나다
초급,0,자라다
초급,0,자랑
중급,0,자랑스럽다
중급,0,자료
초급,0,자르다
초급,0,자리01
중급,0,자리02
고급,0,자립
중급,0,자막
고급,0,자만
중급,0,자매
고급,0,자모
고급,0,자문02
고급,0,자발적01/자발적02
고급,0,자백
중급,0,자본
고급,0,자본주의
중급,0,자부심
고급,0,자산
중급,0,자살
고급,0,자상하다
고급,0,자선
중급,0,자세
중급,0,자세하다
초급,0,자세히
고급,0,자손
고급,0,자수01
고급,0,자수성가
초급,0,자식01
초급,0,자신01
중급,0,자신02
중급,0,자신감
고급,0,자신만만하다
고급,0,자아
고급,0,자아실현00
초급,0,자연01
고급,0,자연계01
중급,0,자연스럽다
고급,0,자연재해
중급,0,자연적01/자연적02
중급,0,자연환경
중급,0,자연히
고급,0,자영업
고급,0,자영업자00
고급,0,자외선
중급,0,자원
고급,0,자원00
고급,0,자원봉사
고급,0,자원봉사자
초급,0,자유
중급,0,자유롭다
고급,0,자유분방
고급,0,자유자재
고급,0,자율
고급,0,자율성
고급,0,자율적01/자율적02
고급,0,자음
고급,0,자자손손
고급,0,자장가
초급,0,자장면
고급,0,자재
초급,0,자전거
고급,0,자정01
고급,0,자제02
중급,0,자존심
초급,0,자주
고급,0,자주00
중급,0,자주색
고급,0,자질
고급,0,자체
고급,0,자초지종
고급,0,자취
중급,0,자취00
고급,0,자치
고급,0,자칫
고급,0,자칫하다
고급,0,자태
초급,0,자판기
고급,0,-작
중급,0,작가
중급,0,작곡
중급,0,작곡가
초급,0,작년
초급,0,작다
중급,0,작동
중급,0,작문
고급,0,작별
중급,0,작성
고급,0,작성자
고급,0,작심삼일
중급,0,작업
중급,0,작용
중급,0,작은아버지
중급,0,작은어머니
중급,0,작은집
중급,0,작전
고급,0,작정
중급,0,작품
초급,0,잔
고급,0,잔고
고급,0,잔돈01
중급,0,잔돈02
중급,0,잔디밭
중급,0,잔뜩
중급,0,잔소리
고급,0,잔인하다
고급,0,잔잔하다
초급,0,잔치
초급,0,잘
중급,0,잘나다
고급,0,잘다
초급,0,잘되다
중급,0,잘리다
초급,0,잘못02/잘못01
초급,0,잘못되다
초급,0,잘못하다
중급,0,잘살다
초급,0,잘생기다
초급,0,잘하다
초급,0,잠
중급,0,잠그다01
중급,0,잠기다01
중급,0,잠기다02
초급,0,잠깐02/잠깐01
고급,0,잠꼬대
중급,0,잠들다
초급,0,잠시02/잠시01
중급,0,잠옷
초급,0,잠자다
고급,0,잠자리01
중급,0,잠자리02
고급,0,잠자코
고급,0,잠잠하다
고급,0,잠재력
초급,0,잡다
고급,0,잡다하다
고급,0,잡담
초급,0,잡수시다
고급,0,잡아가다
고급,0,잡아끌다
고급,0,잡아내다
중급,0,잡아당기다
중급,0,잡아먹다
고급,0,잡음
초급,0,잡지
초급,0,잡채
고급,0,잡초
고급,0,잡화
중급,0,잡히다02
초급,0,장02
고급,0,장03
고급,0,-장03
고급,0,-장04
고급,0,장05
고급,0,장06
고급,0,장07
중급,0,-장07
고급,0,-장08
중급,0,장가
초급,0,장갑
고급,0,장거리
중급,0,장관02
고급,0,장군01
고급,0,장기01
고급,0,장기02
고급,0,장기04
중급,0,장기간
중급,0,장기적01/장기적02
중급,0,장난
초급,0,장난감
중급,0,장남
고급,0,장년
고급,0,장단01
중급,0,장단점
고급,0,장담
중급,0,장래
고급,0,장래성
고급,0,장려
고급,0,장례
중급,0,장례식
중급,0,장르
초급,0,장마
중급,0,장마철
고급,0,장만
중급,0,장면
중급,0,장모
초급,0,장미
중급,0,장미꽃00
고급,0,장바구니
고급,0,장본인
고급,0,장비
중급,0,장사01
초급,0,장소
중급,0,장수02
고급,0,장시간
중급,0,장식
고급,0,장신구
고급,0,장악
중급,0,장애
고급,0,장애물
중급,0,장애인
고급,0,장유유서00
중급,0,장인
고급,0,장인00
중급,0,장점
고급,0,장차
고급,0,장치
중급,0,장하다
중급,0,장학금
고급,0,장학생
고급,0,잦다02
중급,0,재-01
고급,0,재개발
고급,0,재고02
고급,0,재기02
고급,0,재난
중급,0,재능
중급,0,재다02
고급,0,재단00
중급,0,재떨이
고급,0,재력
고급,0,재롱
초급,0,재료
고급,0,재무
고급,0,재물
초급,0,재미01
초급,0,재미없다
초급,0,재미있다
고급,0,재배02
고급,0,재벌
고급,0,재빠르다
중급,0,재빨리
중급,0,재산
중급,0,재생
고급,0,재수01
중급,0,재수02
고급,0,재앙
중급,0,재우다02
고급,0,재원02
중급,0,재작년
고급,0,재정
고급,0,재정적01/재정적02
중급,0,재주
고급,0,재직
고급,0,재질
초급,0,재채기
고급,0,재촉
고급,0,재충전
고급,0,재치
중급,0,재킷
고급,0,재택00
고급,0,재테크
중급,0,재판02
중급,0,재학
중급,0,재학생
고급,0,재해
고급,0,재현
고급,0,재혼
고급,0,재활
중급,0,재활용
중급,0,재활용품
중급,0,잼
고급,0,잽싸다
고급,0,쟁점
중급,0,쟤
초급,0,저01
중급,0,저-01
초급,0,저04/저03
초급,0,저05
고급,0,저가
초급,0,저거
초급,0,저것
고급,0,저고리
초급,0,저곳
초급,0,저금
중급,0,저급
초급,0,저기01
중급,0,저기02
고급,0,저기압
초급,0,저녁
중급,0,저녁때
중급,0,저러다
초급,0,저런01
고급,0,저런03
초급,0,저렇다
중급,0,저렴하다
중급,0,저리01
고급,0,저리다
중급,0,저마다01/저마다02
중급,0,저만큼01/저만큼02
고급,0,저물다
고급,0,저버리다
초급,0,저번
초급,0,저분
고급,0,저서
고급,0,저소득
고급,0,저승
중급,0,저울
중급,0,저자03
고급,0,저작권
중급,0,저장
중급,0,저절로
고급,0,저조
중급,0,저지르다
초급,0,저쪽
중급,0,저축
고급,0,저출산
고급,0,저하01
고급,0,저학력00
고급,0,저항
고급,0,저해
고급,0,저혈압
초급,0,저희
중급,0,-적
중급,0,적02
중급,0,적극
중급,0,적극적01/적극적02
고급,0,적금
초급,0,적다01
초급,0,적다02
초급,0,적당하다
중급,0,적당히
고급,0,적대
고급,0,적도
고급,0,적령기
고급,0,적립
고급,0,적발
고급,0,적색
중급,0,적성
고급,0,적시다
중급,0,적어도
중급,0,적어지다
중급,0,적용
중급,0,적응
고급,0,적응력
중급,0,적자01
고급,0,적잖다
중급,0,적절하다
고급,0,적절히
고급,0,적정
고급,0,적합
중급,0,적히다
초급,0,전01
고급,0,-전02
초급,0,전02/전03
고급,0,-전04
중급,0,전개
초급,0,전공01
고급,0,전구
중급,0,전국
중급,0,전국적01/전국적02
고급,0,전기00
고급,0,전기02
고급,0,전기03
초급,0,전기04
중급,0,전날
고급,0,전년
고급,0,전념
중급,0,전달02
고급,0,전담02
고급,0,전동
고급,0,전등
고급,0,전래
고급,0,전략
고급,0,전략적01/전략적02
고급,0,전력00
고급,0,전력01
중급,0,전망
고급,0,전망대
고급,0,전면01
고급,0,전면적01/전면적02
고급,0,전무후무
고급,0,전문01
중급,0,전문02
중급,0,전문가
고급,0,전문성
중급,0,전문적01/전문적02
중급,0,전문점
중급,0,전문직
고급,0,전반
고급,0,전반00
고급,0,전반부
고급,0,전반적01/전반적02
초급,0,전부02/전부01
중급,0,전설
고급,0,전성기
중급,0,전세01
고급,0,전셋값
고급,0,전송01
중급,0,전시01
고급,0,전시관
중급,0,전시장
중급,0,전시회
고급,0,전신01
고급,0,전액
고급,0,전업01
고급,0,전역01
고급,0,전염
고급,0,전염병
중급,0,전용01
중급,0,전원00
중급,0,전원02
고급,0,전유물
고급,0,전율
고급,0,전자01
중급,0,전자02
중급,0,전자레인지
중급,0,전자사전
중급,0,전쟁
고급,0,전쟁터
고급,0,전적01/전적02
중급,0,전제
고급,0,전직01
초급,0,전철02
초급,0,전체
중급,0,전체적01/전체적02
중급,0,전통
고급,0,전통문화
중급,0,전통적01/전통적02
고급,0,전투
고급,0,전파01
초급,0,전하다
고급,0,전학
초급,0,전혀
고급,0,전형01
고급,0,전형적01/전형적02
초급,0,전화
초급,0,전화기
초급,0,전화번호
고급,0,전화위복
고급,0,전환
고급,0,전환기
고급,0,전환점
중급,0,전후
중급,0,절01
중급,0,절02
중급,0,절03
고급,0,절감
고급,0,절다02
중급,0,절대01/절대02
중급,0,절대로
중급,0,절대적01/절대적02
고급,0,절도02
고급,0,절로01
중급,0,절망
중급,0,절반
고급,0,절벽
고급,0,절실하다
중급,0,절약
고급,0,절이다
고급,0,절전00
고급,0,절정
고급,0,절제02
중급,0,절차
고급,0,절친하다
초급,0,젊다
중급,0,젊은이
중급,0,젊음
중급,0,-점
고급,0,점01
중급,0,점02/점03
중급,0,점검
고급,0,점령
초급,0,점수
초급,0,점심
중급,0,점심때
초급,0,점심시간
중급,0,점원
고급,0,점유율
중급,0,점잖다
초급,0,점점
고급,0,점진적01/점진적02
중급,0,점차02/점차01
고급,0,점치다
중급,0,점퍼
고급,0,점포
고급,0,점프
중급,0,접근
초급,0,접다
고급,0,접대
중급,0,접속
중급,0,접수02
초급,0,접시
중급,0,접어들다
고급,0,접전
고급,0,접종
중급,0,접촉
중급,0,접하다
초급,0,젓가락01
중급,0,젓다
고급,0,정02
중급,0,정04
고급,0,정감
초급,0,정거장
고급,0,정겹다
고급,0,정계
고급,0,정교하다
고급,0,정권
고급,0,정규
고급,0,정규직
중급,0,정기01
중급,0,정기적01/정기적02
고급,0,정년
고급,0,정년퇴직
중급,0,정답
고급,0,정답다
중급,0,정당
고급,0,정당하다
초급,0,정도02
초급,0,정류장
초급,0,정리
초급,0,정말02/정말01
중급,0,정말로
중급,0,정면
초급,0,정문01
고급,0,정밀
중급,0,정반대
중급,0,정보
중급,0,정보화
고급,0,정복
중급,0,정부01
고급,0,정비
고급,0,정사각형
중급,0,정상01
고급,0,정상03
중급,0,정상적01/정상적02
고급,0,정상화
고급,0,정서
고급,0,정서적01/정서적02
중급,0,정성
고급,0,정성껏
고급,0,정성스럽다
고급,0,정세02
중급,0,정수기
중급,0,정식01
중급,0,정신
고급,0,정신과
고급,0,정신력
중급,0,정신없다
중급,0,정신없이
중급,0,정신적01/정신적02
고급,0,정연하다
고급,0,정열
고급,0,정열적01/정열적02
중급,0,정오
중급,0,정원01
초급,0,정원02
고급,0,정월
중급,0,정육점
고급,0,정의01
중급,0,정의02
중급,0,정작00
중급,0,정장
고급,0,정적02/정적03
고급,0,정적04
고급,0,정전
고급,0,정점
고급,0,정정당당하다
고급,0,정중하다
중급,0,정지01
중급,0,정직01
중급,0,정착
중급,0,정책
고급,0,정책적01/정책적02
고급,0,정체01
고급,0,정체02
고급,0,정체기
고급,0,정체성
중급,0,정치
고급,0,정치가
중급,0,정치인
중급,0,정치적01/정치적02
고급,0,정통
초급,0,정하다02
중급,0,정형외과
고급,0,정화01
초급,0,정확
고급,0,정확성
중급,0,정확히
중급,0,젖
초급,0,젖다
고급,0,젖히다01
중급,0,제-
초급,0,제01
고급,0,-제01
중급,0,-제02
고급,0,-제03
중급,0,제04
중급,0,-제04
고급,0,제각기01/제각기02
고급,0,제값
중급,0,제거
중급,0,제공
고급,0,제과
중급,0,제과점
고급,0,제기02
고급,0,제대
중급,0,제대로
중급,0,제도01
고급,0,제도적01/제도적02
중급,0,제때
고급,0,제멋대로
초급,0,제목
중급,0,제발
중급,0,제법
고급,0,제비
중급,0,제사
중급,0,제시
중급,0,제시간
중급,0,제안
중급,0,제약01
고급,0,제약02
중급,0,제외
고급,0,제의
초급,0,제일03/제일02
중급,0,제자
중급,0,제자리
중급,0,제작
고급,0,제작자
고급,0,제재01
고급,0,제정
고급,0,제조
고급,0,제조업
초급,0,제주도01
중급,0,제출
고급,0,제치다
고급,0,제패
중급,0,제품
중급,0,제한
중급,0,조03·조02
고급,0,조04
고급,0,조05
중급,0,조각01
고급,0,조각02
고급,0,조개
중급,0,조건
고급,0,조국
고급,0,조그마하다
중급,0,조그맣다
초급,0,조금02/조금01
초급,0,조금씩
고급,0,조급하다
중급,0,조기05
중급,0,조깅
중급,0,조끼
고급,0,조르다01
중급,0,조르다02
중급,0,조리04
고급,0,조리법
고급,0,조리사
중급,0,조림01
고급,0,조립
고급,0,조마조마
고급,0,조만간
중급,0,조명
고급,0,조문02
고급,0,조문객
중급,0,조미료
고급,0,조부모
고급,0,조사02
중급,0,조사03
중급,0,조상
고급,0,조선
고급,0,조선업
고급,0,조성
고급,0,조세
초급,0,조심
중급,0,조심스럽다
고급,0,조심조심
중급,0,조언
고급,0,조연
초급,0,조용하다
초급,0,조용히
고급,0,조의
고급,0,조의금
고급,0,조이다
중급,0,조작01
고급,0,조작02
고급,0,조장01
중급,0,조절
고급,0,조정00
고급,0,조정01
중급,0,조정02
고급,0,조종
고급,0,조종사
고급,0,조직
고급,0,조직적01/조직적02
고급,0,조짐
고급,0,조치
초급,0,조카
고급,0,조퇴
고급,0,조합
고급,0,조형미
중급,0,조화04
고급,0,조화롭다
고급,0,조회02
고급,0,-족
고급,0,족하다
중급,0,존경
고급,0,존댓말
고급,0,존엄성
중급,0,존재
중급,0,존중
초급,0,졸다01
중급,0,졸리다01
고급,0,졸리다02
초급,0,졸업
중급,0,졸업생
중급,0,졸업식
중급,0,졸음
고급,0,졸이다
고급,0,졸지00
초급,0,좀
중급,0,좀처럼
초급,0,좁다
중급,0,좁히다
고급,0,종02
고급,0,종03
고급,0,종결
중급,0,종교
중급,0,종교적01·종교적02
고급,0,종료
초급,0,종류
고급,0,종목
고급,0,종사00
고급,0,종사자
중급,0,종아리
초급,0,종업원
초급,0,종이
중급,0,종이컵
중급,0,종일02/종일01
고급,0,종전01
중급,0,종종
고급,0,종착역
중급,0,종합
고급,0,종합적01/종합적02
초급,0,좋다
초급,0,좋아하다
고급,0,좌뇌00
고급,0,좌담회
중급,0,좌석
중급,0,좌우
고급,0,좌우명
고급,0,좌절
중급,0,좌측
고급,0,좌파
중급,0,좌회전
중급,0,죄
고급,0,죄송스럽다
초급,0,죄송하다
고급,0,죄인
고급,0,죄책감
고급,0,주01/주02
고급,0,주03/주00
초급,0,주06/주04
고급,0,주가
중급,0,주간04/주간05
고급,0,주거
고급,0,주거비
고급,0,주거지
중급,0,주고받다
고급,0,주관01
고급,0,주관02
중급,0,주관적01/주관적02
고급,0,주권
고급,0,주기01
고급,0,주년
초급,0,주다01
고급,0,주도
고급,0,주도적01/주도적02
고급,0,주되다
고급,0,주력
고급,0,주례
초급,0,주로
고급,0,주류01
고급,0,주류02
중급,0,주름
고급,0,주름살
초급,0,주말
초급,0,주머니
중급,0,주먹
중급,0,주목
고급,0,주무르다
초급,0,주무시다
초급,0,주문02
중급,0,주민
중급,0,주방
고급,0,주방장
고급,0,주범
초급,0,주변02
초급,0,주부
초급,0,주사01
고급,0,주생활
고급,0,주선
초급,0,주소
초급,0,주스
고급,0,주식01
중급,0,주식02
고급,0,주식회사
고급,0,주어
중급,0,주어지다
고급,0,주역
고급,0,주연01
중급,0,주요
초급,0,주위
중급,0,주유소
고급,0,주의01
중급,0,주의02
초급,0,주인
중급,0,주인공
초급,0,주일03/주일02
중급,0,주장02
고급,0,주재료
중급,0,주저앉다
고급,0,주전
중급,0,주전자
중급,0,주제
초급,0,주차
중급,0,주차권
중급,0,주차료
초급,0,주차장
고급,0,주체02
고급,0,주최
중급,0,주택
고급,0,주택가
초급,0,주황색
중급,0,죽03
초급,0,죽다01
중급,0,죽음
중급,0,죽이다01
초급,0,준비
중급,0,준비물
고급,0,준수
고급,0,준수하다01
초급,0,줄01
중급,0,줄거리
중급,0,줄곧
중급,0,줄기
중급,0,줄넘기
초급,0,줄다
고급,0,줄다리기
중급,0,줄무늬
중급,0,줄어들다
초급,0,줄이다
고급,0,줄줄이
고급,0,줄짓다
초급,0,줍다
중급,0,중01
초급,0,중03
초급,0,중간
고급,0,중개
고급,0,중개인
고급,0,중계
중급,0,중고
중급,0,중고차
고급,0,중공업
초급,0,중국
중급,0,중국어
중급,0,중국인00
초급,0,중국집
중급,0,중급
고급,0,중년
중급,0,중단
고급,0,중대02
고급,0,중도01
중급,0,중독
고급,0,중략
고급,0,중력
고급,0,중립
고급,0,중립적01/중립적02
고급,0,중매
중급,0,중반
고급,0,중병00
고급,0,중복02
중급,0,중부
고급,0,중산층
고급,0,중상03
고급,0,중성01
고급,0,중세
고급,0,중소
중급,0,중소기업
중급,0,중순
고급,0,중시
중급,0,중식
초급,0,중심
중급,0,중심지
초급,0,중앙
중급,0,중얼거리다
초급,0,중요
중급,0,중요성
고급,0,중요시
고급,0,중점
고급,0,중점적01/중점적02
고급,0,중증
고급,0,중지01
초급,0,중학교
초급,0,중학생
중급,0,중형차
중급,0,쥐01
중급,0,쥐다
고급,0,즈음
중급,0,즉
중급,0,즉석
중급,0,즉시
중급,0,즐거움
초급,0,즐거워하다
초급,0,즐겁다
초급,0,즐기다
고급,0,즐비하다
고급,0,즙
고급,0,-증01
중급,0,증가
고급,0,증가세
중급,0,증거
고급,0,증권
고급,0,증대
중급,0,증명
중급,0,증명서
고급,0,증발
중급,0,증상
중급,0,증세01
고급,0,증오
고급,0,증원
고급,0,증정
고급,0,증진
고급,0,증후군
고급,0,-지04
고급,0,-지05
중급,0,지각01
초급,0,지각02
초급,0,지갑
중급,0,지겹다
중급,0,지구02
고급,0,지구력
고급,0,지구촌
고급,0,지그시
고급,0,지극하다
중급,0,지극히
초급,0,지금02/지금01
중급,0,지금껏
중급,0,지급
고급,0,지껄이다
초급,0,지나가다
초급,0,지나다
중급,0,지나치다02
중급,0,지난날
초급,0,지난달
초급,0,지난번
초급,0,지난주
초급,0,지난해
초급,0,지내다
중급,0,지능
중급,0,지니다
중급,0,지다01
초급,0,지다02
고급,0,지다03
중급,0,지다05
고급,0,지대
초급,0,지도01
중급,0,지도02
중급,0,지도자
고급,0,지독하다
초급,0,지루하다
고급,0,지르다02
초급,0,지르다03
고급,0,지름
중급,0,지름길
고급,0,지리
고급,0,지리적01/지리적02
고급,0,지망
고급,0,지면02
고급,0,지명01
고급,0,지문01
고급,0,지문02
초급,0,지방01
중급,0,지방03
고급,0,지배
고급,0,지배적01/지배적02
중급,0,지불
중급,0,지붕
고급,0,지사01
고급,0,지상01
고급,0,지성02
고급,0,지속
고급,0,지속적01/지속적02
고급,0,지수
중급,0,지시
중급,0,지식
중급,0,지식인
중급,0,지역
고급,0,지연02
중급,0,지옥
초급,0,지우개
초급,0,지우다01
중급,0,지원01
중급,0,지원02
고급,0,지원금
고급,0,지원서
고급,0,지원자
중급,0,지위
고급,0,지인
고급,0,지장01
중급,0,지저분하다
고급,0,지적01/지적02
중급,0,지적03
고급,0,지점01
고급,0,지점02
중급,0,지정
고급,0,지지02
고급,0,지지율
중급,0,지진
중급,0,지출
중급,0,지치다01
고급,0,지침
중급,0,지켜보다
초급,0,지키다
중급,0,지퍼
중급,0,지폐
고급,0,지표02
초급,0,지하
초급,0,지하도
중급,0,지하실
초급,0,지하철
초급,0,지하철역
고급,0,지향01
고급,0,지형
중급,0,지혜
중급,0,지혜롭다
고급,0,지휘
고급,0,직02
고급,0,직거래
고급,0,직관
고급,0,직면00
고급,0,직무
고급,0,직사각형
중급,0,직선01
고급,0,직선적01/직선적02
고급,0,직속
초급,0,직업
초급,0,직원
고급,0,직위
초급,0,직장
중급,0,직장인
고급,0,직전
초급,0,직접02/직접01
중급,0,직접적01/직접적02
고급,0,직종
중급,0,직진
중급,0,직후
고급,0,-진
고급,0,진공청소기
고급,0,진급
중급,0,진단
중급,0,진단서
중급,0,진동02
고급,0,진땀
중급,0,진로
고급,0,진료
중급,0,진리
고급,0,진보
고급,0,진보적01/진보적02
고급,0,진상01
고급,0,진수성찬
중급,0,진술
중급,0,진실
중급,0,진심
고급,0,진열
고급,0,진영
고급,0,진입
고급,0,진작01
고급,0,진전
고급,0,진정01
고급,0,진정02
고급,0,진정03
중급,0,진정하다01
고급,0,진지01
중급,0,진지하다
초급,0,진짜02/진짜01
중급,0,진찰
중급,0,진출
고급,0,진취적01/진취적02
중급,0,진통제
고급,0,진풍경
초급,0,진하다
중급,0,진학
중급,0,진행
중급,0,진행자
고급,0,진화01
고급,0,진흙
고급,0,진흥
중급,0,-질
중급,0,질01
고급,0,질기다
고급,0,질량
고급,0,질리다
초급,0,질문
중급,0,질병
중급,0,질서
고급,0,질의
고급,0,질적01/질적02
중급,0,질투
고급,0,질환
고급,0,짊어지다
초급,0,짐
중급,0,짐승
중급,0,짐작
초급,0,집01
고급,0,-집03
고급,0,집값
중급,0,집다
중급,0,집단
고급,0,집단적01/집단적02
초급,0,집들이
고급,0,집사람
중급,0,집세
중급,0,집안
초급,0,집안일
중급,0,집어넣다
중급,0,집중
고급,0,집중력
중급,0,집중적01/집중적02
고급,0,집집
고급,0,집착
고급,0,집필
고급,0,집회
중급,0,짓
고급,0,짓궂다
고급,0,짓누르다
초급,0,짓다
고급,0,짓밟다
고급,0,짓밟히다
고급,0,징그럽다
고급,0,징역
고급,0,징크스
중급,0,짖다
중급,0,짙다
중급,0,짚다
중급,0,짜다01
중급,0,짜다02
초급,0,짜다03
중급,0,-짜리
고급,0,짜릿하다
고급,0,짜임새
초급,0,짜증
중급,0,짜증스럽다
초급,0,짝01
고급,0,짝사랑
중급,0,짝수
중급,0,짠맛
고급,0,짤막하다
초급,0,짧다
초급,0,짬뽕
고급,0,짭짤하다
중급,0,-째02
고급,0,째려보다
고급,0,쩔쩔매다
고급,0,쪼개다
고급,0,쪼그리다
고급,0,쪼다02
중급,0,쪽02
중급,0,쪽04/쪽03
초급,0,쪽05
고급,0,쪽지
중급,0,쫓겨나다
중급,0,쫓기다
중급,0,쫓다
중급,0,쫓아가다
중급,0,쫓아내다
중급,0,쫓아다니다
중급,0,쫓아오다
고급,0,쭈그리다
중급,0,쭉
중급,0,-쯤
고급,0,쯧쯧01/쯧쯧02
초급,0,찌개
고급,0,찌꺼기
초급,0,찌다01
초급,0,찌다02
고급,0,찌들다
중급,0,찌르다
고급,0,찌뿌드드하다
중급,0,찌푸리다
중급,0,찍다01
초급,0,찍다02
중급,0,찍히다02
고급,0,찔리다
고급,0,찜
중급,0,찜질
고급,0,찜질방
중급,0,찡그리다
고급,0,찡하다01/찡하다02
고급,0,찢기다
중급,0,찢다
중급,0,찢어지다
고급,0,찧다
초급,0,차01
초급,0,차02
고급,0,차03
초급,0,차갑다
고급,0,차곡차곡
고급,0,차관01
고급,0,차근차근
초급,0,차다01
초급,0,차다02
초급,0,차다03
초급,0,차다04
고급,0,차단
중급,0,차도01
중급,0,차라리
중급,0,차량
초급,0,차례01
고급,0,차례02
중급,0,차로
중급,0,차리다
고급,0,차림
중급,0,차림표
중급,0,차마
중급,0,차별
고급,0,차별화
고급,0,차분하다
고급,0,차분히
중급,0,차비
중급,0,차선02
중급,0,차원
중급,0,차이
중급,0,차이점
고급,0,차일피일
고급,0,차장01
고급,0,차지
고급,0,차질
중급,0,차차
중급,0,차창
중급,0,차츰
중급,0,착각
고급,0,착륙
고급,0,착실하다
고급,0,착오
고급,0,착용
초급,0,착하다
고급,0,찬란하다
초급,0,찬물
고급,0,찬반
고급,0,찬사
중급,0,찬성
고급,0,찬송가
고급,0,찰칵
고급,0,참-
초급,0,참02
중급,0,참가
고급,0,참가자
고급,0,참견
중급,0,참고
중급,0,참기름
초급,0,참다
고급,0,참맛
고급,0,참배
고급,0,참새
중급,0,참석
중급,0,참석자
고급,0,참신하다
중급,0,참여
초급,0,참외
중급,0,참으로
고급,0,참을성
중급,0,참조
고급,0,참치
고급,0,찹쌀
중급,0,창03
중급,0,창가01
중급,0,창고
중급,0,창구
초급,0,창문
중급,0,창밖
고급,0,창백하다
고급,0,창업
고급,0,창의력
고급,0,창의성
고급,0,창의적01/창의적02
중급,0,창작
고급,0,창작품
중급,0,창조
고급,0,창조적01/창조적02
고급,0,창출
중급,0,창피
초급,0,찾다
초급,0,찾아가다
중급,0,찾아내다
중급,0,찾아다니다
고급,0,찾아들다
초급,0,찾아보다
중급,0,찾아뵙다
초급,0,찾아오다
고급,0,채03
고급,0,채05
중급,0,채널
고급,0,채다03
초급,0,채소
고급,0,채식
고급,0,채용
중급,0,채우다01
중급,0,채우다02
중급,0,채택
고급,0,채팅
초급,0,책
고급,0,-책00
중급,0,책가방
초급,0,책상
중급,0,책임
중급,0,책임감
중급,0,책임자
중급,0,책임지다
고급,0,책자
초급,0,책장02
중급,0,챔피언
중급,0,챙기다
고급,0,처00
고급,0,처가
중급,0,처녀
고급,0,처량하다
중급,0,처리
고급,0,처마
중급,0,처방
중급,0,처방전
중급,0,처벌
초급,0,처음
고급,0,처지
고급,0,처지다
고급,0,처참하다
고급,0,처치
중급,0,처하다
고급,0,척척02
고급,0,척추
고급,0,천01
초급,0,천03/천02
중급,0,천국
중급,0,천둥
고급,0,천막
초급,0,천만02/천만01/천만03
고급,0,천만다행
고급,0,천부적01/천부적02
중급,0,천사
고급,0,천생연분
고급,0,천연
중급,0,천장
중급,0,천재01
중급,0,천주교
고급,0,천지
고급,0,천차만별
초급,0,천천히
고급,0,천하다
중급,0,철01
중급,0,철02
고급,0,철03
고급,0,철강
고급,0,철거
중급,0,철도
고급,0,철새
고급,0,철수
고급,0,철저
중급,0,철저히
고급,0,철학
고급,0,철학적01/철학적02
고급,0,첨가
고급,0,첨단
중급,0,첨부
고급,0,첨예하다
초급,0,첫
초급,0,첫날
중급,0,첫눈01
중급,0,첫눈02
중급,0,첫사랑
고급,0,첫인사
중급,0,첫인상
초급,0,첫째02/첫째01/첫째03
고급,0,첫차
고급,0,청각
고급,0,청구
초급,0,청년
초급,0,청바지
고급,0,청색
초급,0,청소
중급,0,청소기
초급,0,청소년
고급,0,청자
고급,0,청중
고급,0,청춘
고급,0,청취자
중급,0,청하다
중급,0,청혼
고급,0,-체
고급,0,체감
고급,0,체격
중급,0,체계
고급,0,체계적01/체계적02
고급,0,체내
고급,0,체념
중급,0,체력
고급,0,체류
중급,0,체면
고급,0,체벌
중급,0,체온
고급,0,체육
초급,0,체육관
고급,0,체제
중급,0,체조
중급,0,체중
고급,0,체증
고급,0,체질
고급,0,체크
중급,0,체크무늬
고급,0,체포
중급,0,체하다02
중급,0,체험
고급,0,체형
초급,0,쳐다보다
고급,0,초01
중급,0,초-01
초급,0,초02
초급,0,초03
중급,0,초가을
고급,0,초가집
중급,0,초겨울
고급,0,초고속
고급,0,초과
중급,0,초급
중급,0,초기
고급,0,초능력
고급,0,초대01
초급,0,초대02
초급,0,초대장
고급,0,초등
초급,0,초등학교
초급,0,초등학생
고급,0,초라하다
고급,0,초래
중급,0,초록02
초급,0,초록색
고급,0,초면
중급,0,초반
중급,0,초보
중급,0,초보자
중급,0,초봄
고급,0,초상01
고급,0,초순
중급,0,초승달
중급,0,초여름
고급,0,초원
고급,0,초월
고급,0,초월적00
고급,0,초인종
중급,0,초저녁
중급,0,초점
중급,0,초조
고급,0,초창기
중급,0,초청
중급,0,초청장
초급,0,초콜릿
고급,0,촉각02
고급,0,촉진
고급,0,촉촉하다
중급,0,촌스럽다
고급,0,총-
중급,0,총01
중급,0,총02
고급,0,총각
중급,0,총리
고급,0,총액
고급,0,총장
고급,0,총체적01/총체적02
중급,0,촬영
고급,0,최-
고급,0,최강
초급,0,최고02
중급,0,최고급
고급,0,최고령
고급,0,최고조
초급,0,최근
중급,0,최대
중급,0,최대한00
중급,0,최선
중급,0,최소01
중급,0,최소한00
고급,0,최소화02
중급,0,최신
고급,0,최신형
고급,0,최악
고급,0,최연소
고급,0,최우수
중급,0,최저
고급,0,최적
중급,0,최종
고급,0,최첨단
중급,0,최초
고급,0,최후
중급,0,추가
고급,0,추격
고급,0,추구
초급,0,추다
고급,0,추락
고급,0,추리다
고급,0,추모
고급,0,추상적01/추상적02
초급,0,추석
고급,0,추세
고급,0,추수
고급,0,추신
중급,0,추억
중급,0,추위
고급,0,추이
고급,0,추적
고급,0,추정
중급,0,추진
중급,0,추천
중급,0,추천서
고급,0,추첨
중급,0,추측
초급,0,축구02
초급,0,축구공
중급,0,축구장
고급,0,축복
고급,0,축산물
고급,0,축산업
중급,0,축소
중급,0,축제
고급,0,축축하다
초급,0,축하
고급,0,출간
초급,0,출구
중급,0,출국
초급,0,출근
중급,0,출근길
고급,0,출금
고급,0,출동
고급,0,출력
고급,0,출마
초급,0,출발
고급,0,출범
중급,0,출산
고급,0,출산율
고급,0,출생
초급,0,출석
고급,0,출세
고급,0,출시
중급,0,출신
중급,0,출연02
초급,0,출입
고급,0,출입구
초급,0,출입국
초급,0,출장
고급,0,출전
고급,0,출제
고급,0,출처
고급,0,출출하다
초급,0,출퇴근
중급,0,출판
고급,0,출판사
고급,0,출품
중급,0,출현
고급,0,출혈
초급,0,춤
초급,0,춤추다
초급,0,춥다
중급,0,충격
중급,0,충격적01/충격적02
중급,0,충고
중급,0,충돌
고급,0,충동
초급,0,충분하다
중급,0,충분히
고급,0,충실01
고급,0,충실02
고급,0,충실히02
고급,0,충전02
고급,0,충족
고급,0,충치
고급,0,충혈
고급,0,취급
고급,0,취득
초급,0,취미
고급,0,취사02
초급,0,취소
고급,0,취약
중급,0,취업
고급,0,취업률
고급,0,취임
중급,0,취재
고급,0,취지
초급,0,취직
고급,0,취하다01
중급,0,취하다02
고급,0,취학
중급,0,취향
중급,0,측
중급,0,측면
고급,0,측정
초급,0,층
고급,0,-층
고급,0,-치
초급,0,치과
중급,0,치다01
초급,0,치다02
중급,0,치다03
중급,0,치다04
고급,0,치다05
고급,0,치다09
고급,0,치닫다
초급,0,치료
중급,0,치료법
중급,0,치르다
초급,0,치마
고급,0,치매
고급,0,치명적01/치명적02
고급,0,치밀다
고급,0,치밀하다
고급,0,치솟다
중급,0,치수01
고급,0,치아
고급,0,치안
초급,0,치약
고급,0,치열하다
고급,0,치욕
중급,0,치우다01
고급,0,치우치다
고급,0,치유
고급,0,치중
중급,0,치즈
고급,0,치켜들다
초급,0,치킨
고급,0,치통
중급,0,친-
고급,0,친교
초급,0,친구
고급,0,친근감
고급,0,친근하다
중급,0,친딸
고급,0,친밀
고급,0,친밀감
고급,0,친분
고급,0,친숙하다
중급,0,친아들
중급,0,친아버지
중급,0,친어머니
중급,0,친언니
중급,0,친오빠
초급,0,친절
중급,0,친정
고급,0,친족
고급,0,친지
초급,0,친척
초급,0,친하다
고급,0,친화
고급,0,친화력
고급,0,친환경
초급,0,칠01/칠02
초급,0,칠십01/칠십02
초급,0,칠월
고급,0,칠전팔기
초급,0,칠판
고급,0,칠하다
중급,0,침
초급,0,침대
고급,0,침략
중급,0,침묵
고급,0,침범
고급,0,침수
초급,0,침실
고급,0,침입
고급,0,침착
고급,0,침체
고급,0,침체기00
고급,0,침해
초급,0,칫솔
초급,0,칭찬
고급,0,칭하다
초급,0,카드
초급,0,카레
초급,0,카메라
초급,0,카페
고급,0,카페인
중급,0,칸
초급,0,칼
초급,0,칼국수
고급,0,칼럼
고급,0,칼로리01/칼로리02
중급,0,캄캄하다
초급,0,캐나다
고급,0,캐다
고급,0,캐묻다
고급,0,캠퍼스
중급,0,캠페인
고급,0,캠프
중급,0,커다랗다
중급,0,커지다
중급,0,커트
중급,0,커튼
고급,0,커플
초급,0,커피
초급,0,커피숍
고급,0,컨디션
초급,0,컴퓨터
초급,0,컵
초급,0,케이크
초급,0,켜다01
초급,0,켜다02
초급,0,켤레
초급,0,코01
초급,0,코끼리
중급,0,코너
중급,0,코미디
중급,0,코스
고급,0,코치
중급,0,코트01
중급,0,코트02
중급,0,코피
중급,0,콘도
초급,0,콘서트
초급,0,콜라
고급,0,콜레스테롤
중급,0,콜록콜록
고급,0,콤플렉스
고급,0,콧날
중급,0,콧노래
고급,0,콧등
초급,0,콧물
초급,0,콩
중급,0,콩나물
고급,0,쾌감
고급,0,쾌락
중급,0,쾌적하다
고급,0,쾌활하다
중급,0,쿨쿨
중급,0,쿵
고급,0,퀴즈
초급,0,크기
초급,0,크다01/크다02
초급,0,크리스마스
중급,0,크림
중급,0,큰길
중급,0,큰돈
중급,0,큰딸
초급,0,큰소리
고급,0,큰소리치다
중급,0,큰아들
중급,0,큰아버지
중급,0,큰어머니
중급,0,큰일01
고급,0,큰절
중급,0,큰집
중급,0,클래식
고급,0,큼직하다
초급,0,키01
중급,0,키04
중급,0,키스
초급,0,키우다
초급,0,킬로그램
초급,0,킬로미터
고급,0,타격
중급,0,타고나다
초급,0,타다01
초급,0,타다02
초급,0,타다03
중급,0,타다04
중급,0,타다06
고급,0,타당성
고급,0,타당하다
고급,0,타산지석
중급,0,타오르다
고급,0,타이르다
중급,0,타인
고급,0,타협
고급,0,탁
초급,0,탁구
고급,0,탁월하다
중급,0,탁자
고급,0,탁하다
고급,0,탄력
고급,0,탄산음료
중급,0,탄생
고급,0,탄성02
고급,0,탄수화물
고급,0,탄식
고급,0,탄압
고급,0,탄탄하다01
고급,0,탄탄히00
고급,0,탈-
고급,0,탈01
고급,0,탈02
고급,0,탈락
고급,0,탈모
고급,0,탈의실
중급,0,탈출
고급,0,탈춤
고급,0,탈퇴
고급,0,탐구
고급,0,탐색
고급,0,탐험
중급,0,탑
중급,0,탑승
중급,0,탑승객
고급,0,탓
초급,0,탕수육
고급,0,태교
초급,0,태국
초급,0,태권도
초급,0,태극기
초급,0,태도
고급,0,태몽
고급,0,태아
중급,0,태양
고급,0,태양열
초급,0,태어나다
중급,0,태우다01
중급,0,태우다02
초급,0,태풍
초급,0,택배
초급,0,택시
중급,0,택하다
중급,0,탤런트
고급,0,터01
중급,0,터널
고급,0,터놓다
고급,0,터득
중급,0,터뜨리다
고급,0,터무니없다
초급,0,터미널
고급,0,터전
중급,0,터지다
고급,0,터트리다
중급,0,턱01
고급,0,턱03
고급,0,턱없이
중급,0,털
중급,0,털다
고급,0,털썩
고급,0,털어놓다
고급,0,털옷
고급,0,털털하다02
중급,0,텅
초급,0,테니스
초급,0,테니스장
고급,0,테두리
고급,0,테러
중급,0,테스트01
초급,0,테이블00
중급,0,테이프
초급,0,텔레비전
중급,0,토02
초급,0,토끼
고급,0,토대
중급,0,토론
초급,0,토마토
고급,0,토막
고급,0,토양
초급,0,토요일
중급,0,토의
고급,0,토지
중급,0,토하다
고급,0,톡톡
고급,0,톡톡히
고급,0,톤01
고급,0,통02
중급,0,통04
중급,0,통05
고급,0,통06
중급,0,통계
고급,0,통계청00
중급,0,통과
고급,0,통념
고급,0,통로
고급,0,통보
고급,0,통상01
고급,0,통속
중급,0,통신
고급,0,통신비
중급,0,통역
고급,0,통용
중급,0,통일
초급,0,통장
고급,0,통제
고급,0,통조림
중급,0,통증
고급,0,통째
고급,0,통치
고급,0,통쾌하다
중급,0,통통하다
고급,0,통틀다
고급,0,통풍
중급,0,통하다
고급,0,통학
고급,0,통합
중급,0,통행
고급,0,통화01
초급,0,통화02
초급,0,퇴근
초급,0,퇴원
고급,0,퇴임
고급,0,퇴장
중급,0,퇴직
고급,0,퇴직금
고급,0,퇴진
고급,0,투고
고급,0,투기01
고급,0,투덜거리다
고급,0,투명
고급,0,투박하다
고급,0,투병
고급,0,투입
중급,0,투자
고급,0,투자자
고급,0,투쟁
고급,0,투정
고급,0,투철하다
중급,0,투표
고급,0,툭
고급,0,툭툭
고급,0,툭하면
고급,0,퉁퉁01
고급,0,튀기다01
초급,0,튀기다02
초급,0,튀김
고급,0,튀다
고급,0,튀어나오다
고급,0,트다01
고급,0,트다02
초급,0,트럭
고급,0,트로트
고급,0,트림
고급,0,트이다
고급,0,트집
고급,0,특강
고급,0,특권
중급,0,특기01
고급,0,특별
초급,0,특별하다
초급,0,특별히
고급,0,특산물
고급,0,특색
중급,0,특성
중급,0,특수01
고급,0,특수성
고급,0,특유
고급,0,특이
중급,0,특정
고급,0,특질
고급,0,특집
중급,0,특징
고급,0,특징적01/특징적02
고급,0,특허
고급,0,특혜
초급,0,특히
초급,0,튼튼하다
고급,0,튼튼히
고급,0,틀
초급,0,틀다
초급,0,틀리다01
중급,0,틀림없다
중급,0,틀림없이
고급,0,틀어막다
고급,0,틀어박히다
중급,0,틈01/틈02
고급,0,틈새
중급,0,틈틈이
고급,0,티02
고급,0,티격태격하다
고급,0,티끌
초급,0,티셔츠
초급,0,팀
고급,0,팀원00
고급,0,팀장
중급,0,파01
고급,0,파02
고급,0,파격
고급,0,파격적01/파격적02
고급,0,파견
고급,0,파고들다
중급,0,파괴
고급,0,파급
고급,0,파내다
중급,0,파다
중급,0,파도
고급,0,파란만장
초급,0,파란색
중급,0,파랑01
초급,0,파랗다
중급,0,파마
고급,0,파멸
고급,0,파문
고급,0,파묻다
고급,0,파묻히다
고급,0,파악
고급,0,파업
고급,0,파이프
중급,0,파일
고급,0,파장01
중급,0,파출소
중급,0,파트너
초급,0,파티
고급,0,파하다
고급,0,파헤치다
고급,0,판03
고급,0,판04
고급,0,판결
중급,0,판단
중급,0,판매
고급,0,판매량
고급,0,판매원
고급,0,판명
중급,0,판사
고급,0,판소리
고급,0,판이하다
고급,0,판정
고급,0,판촉
초급,0,팔01
초급,0,팔02/팔03
중급,0,팔꿈치
초급,0,팔다
초급,0,팔리다
고급,0,팔방미인
초급,0,팔십01/팔십02
고급,0,팔아먹다
초급,0,팔월
고급,0,팔자
고급,0,팔짱
고급,0,팥
고급,0,패01/패02
고급,0,패04
고급,0,패기
고급,0,패다02
고급,0,패배
중급,0,패션
고급,0,패션쇼
중급,0,패스트푸드
고급,0,패자
고급,0,패턴
고급,0,패하다
고급,0,팩스
중급,0,팬01
중급,0,팬티
고급,0,팽개치다
고급,0,팽창
고급,0,팽팽하다
고급,0,퍼뜨리다
고급,0,퍼붓다
중급,0,퍼센트
중급,0,퍼지다
중급,0,퍽02
고급,0,펄럭이다00
고급,0,펄쩍
고급,0,펄펄
고급,0,펑
중급,0,페이지
고급,0,펭귄
중급,0,펴내다
초급,0,펴다
중급,0,편02
고급,0,편04
고급,0,편05
중급,0,편견
고급,0,편두통
고급,0,편들다
초급,0,편리
중급,0,편식
초급,0,편안
고급,0,편안히
중급,0,편의
초급,0,편의점
고급,0,편입
초급,0,편지
고급,0,편집
초급,0,편찮다
고급,0,편파적01/편파적02
초급,0,편하다
중급,0,편히
중급,0,펼쳐지다
중급,0,펼치다
고급,0,평01
중급,0,평02
중급,0,평가
중급,0,평균
중급,0,평등
고급,0,평론
고급,0,평면
중급,0,평범하다
중급,0,평상시
중급,0,평생
고급,0,평생직장00
초급,0,평소
고급,0,평야
고급,0,평온
고급,0,평이하다
초급,0,평일
고급,0,평지
고급,0,평평하다
중급,0,평화
중급,0,평화롭다
고급,0,평화적01/평화적02
고급,0,폐01
고급,0,폐02
고급,0,폐기물
고급,0,폐렴
고급,0,폐막식
고급,0,폐쇄
고급,0,폐쇄적01/폐쇄적02
고급,0,폐수
고급,0,폐장
중급,0,폐지
고급,0,폐해
고급,0,폐허
고급,0,폐활량
중급,0,포근하다
고급,0,포기01
중급,0,포기02
초급,0,포도
중급,0,포도주
고급,0,포부
고급,0,포옹
고급,0,포용
초급,0,포장01
고급,0,포장02
고급,0,포장마차
중급,0,포장지
중급,0,포크
중급,0,포함
고급,0,폭
고급,0,폭격
중급,0,폭넓다
고급,0,폭등
고급,0,폭락
중급,0,폭력
고급,0,폭력적01/폭력적02
고급,0,폭로
중급,0,폭발01
고급,0,폭발02
고급,0,폭발적01/폭발적02
중급,0,폭설
고급,0,폭식
고급,0,폭염
중급,0,폭우
고급,0,폭죽
고급,0,폭탄
고급,0,폭파
중급,0,폭포
고급,0,폭풍
고급,0,폭행
중급,0,표01
초급,0,표02
고급,0,표03
고급,0,표기
고급,0,표기법
고급,0,표류
중급,0,표면
고급,0,표면적01/표면적02
고급,0,표명
고급,0,표방
고급,0,표본
고급,0,표시01
중급,0,표시02
고급,0,표어
고급,0,표적
중급,0,표정
중급,0,표준
중급,0,표준어
중급,0,표지01
중급,0,표지판
고급,0,표출
중급,0,표현
고급,0,푸근하다
고급,0,푸념
중급,0,푸다
고급,0,푸대접
초급,0,푸르다
고급,0,푸른색
고급,0,푸짐하다
초급,0,푹
고급,0,푹신하다
고급,0,푹푹
중급,0,풀01
중급,0,풀02
고급,0,풀03
초급,0,풀다
고급,0,풀려나다
중급,0,풀리다
고급,0,풀어내다
고급,0,풀어놓다
중급,0,풀어지다
중급,0,-품
중급,0,품01
고급,0,품격
중급,0,품다
고급,0,품목
고급,0,품위
고급,0,품종
중급,0,품질
고급,0,품행
고급,0,풋풋하다
초급,0,풍경
중급,0,풍기다
고급,0,풍년
고급,0,풍력
중급,0,풍부하다
중급,0,풍선
고급,0,풍성하다
중급,0,풍속01
중급,0,풍습
고급,0,풍요
고급,0,풍요롭다
고급,0,풍자
고급,0,풍조
고급,0,풍족하다
고급,0,풍토
고급,0,퓨전00
초급,0,프라이팬
초급,0,프랑스
중급,0,프로01
고급,0,프로02
초급,0,프로그램
중급,0,프린터
중급,0,플라스틱
고급,0,플러그
초급,0,피01
고급,0,피고
고급,0,피고인
초급,0,피곤
초급,0,피다
고급,0,피력
중급,0,피로
고급,0,피로연
고급,0,피리
중급,0,피부
고급,0,피부과
고급,0,피살
중급,0,피서
초급,0,피아노
고급,0,피어나다
고급,0,피어오르다
초급,0,피우다
초급,0,피자
고급,0,피차
중급,0,피하다
중급,0,피해
중급,0,피해자
중급,0,필기
중급,0,필수02
중급,0,필수적01/필수적02
중급,0,필수품
고급,0,필연적01/필연적02
초급,0,필요
중급,0,필요성
고급,0,필자
초급,0,필통
고급,0,핏줄
고급,0,핑01
중급,0,핑계
고급,0,-하
중급,0,하03
고급,0,하객
고급,0,하교
중급,0,하긴
초급,0,하나01
고급,0,하나같이
중급,0,하나하나01/하나하나02
중급,0,하느님
초급,0,하늘
초급,0,하늘색
초급,0,-하다
초급,0,하다01
중급,0,하도
고급,0,하락
고급,0,하락세
초급,0,하루
고급,0,하루빨리
고급,0,하루아침
고급,0,하루하루01/하루하루02
고급,0,하류
고급,0,하마터면
고급,0,하물며
고급,0,하반기
고급,0,하반신
고급,0,하소연
중급,0,하숙
초급,0,하숙비
초급,0,하숙집
고급,0,하순
초급,0,하얀색
중급,0,하양
초급,0,하얗다
고급,0,하여간
중급,0,하여튼
고급,0,하염없이
고급,0,하위
고급,0,하인
고급,0,하자
초급,0,하지만
중급,0,하차
고급,0,하찮다
고급,0,하천
고급,0,하체
중급,0,하품
고급,0,하필
중급,0,하하01
고급,0,하향
중급,0,-학
고급,0,학계
중급,0,학과
초급,0,학교
초급,0,학기
초급,0,학년
고급,0,학대
중급,0,학력02
중급,0,학문
고급,0,학문적01/학문적02
고급,0,학번
고급,0,학벌
중급,0,학부모
중급,0,학비
고급,0,학살
초급,0,학생
초급,0,학생증
고급,0,학술
중급,0,학습
고급,0,학식
고급,0,학업
중급,0,학용품
초급,0,학원
고급,0,학위
중급,0,학자
고급,0,학점
고급,0,학창
초급,0,한01
중급,0,한02
중급,0,한03
고급,0,한가롭다
중급,0,한가운데
초급,0,한가하다
고급,0,한갓
초급,0,한강
중급,0,한겨울
중급,0,한결
고급,0,한결같다
고급,0,한결같이
중급,0,한계
고급,0,한과
초급,0,한국
중급,0,한국말
중급,0,한국어
중급,0,한국인
중급,0,한국적01/한국적02
초급,0,한글
중급,0,한꺼번에
고급,0,한껏
중급,0,한낮
고급,0,한낱
중급,0,한눈
고급,0,한눈00
고급,0,한눈팔다
고급,0,한데01
고급,0,한도
중급,0,한동안
초급,0,한두
중급,0,한둘
중급,0,한때01/한때02
중급,0,한마디
고급,0,한몫
중급,0,한문
고급,0,한바탕01/한바탕02
고급,0,한반도
고급,0,한발
중급,0,한밤중
고급,0,한방00
초급,0,한번
초급,0,한복
고급,0,한복판
고급,0,한사코
고급,0,한산하다
중급,0,한순간
중급,0,한숨02
초급,0,한식03
초급,0,한식집
고급,0,한심하다
고급,0,한약
중급,0,한여름
초급,0,한옥
고급,0,한우
고급,0,한의원
중급,0,한자
고급,0,한자리
고급,0,한자어00
초급,0,한잔
고급,0,한적하다
고급,0,한정
고급,0,한정하다
중급,0,한쪽
고급,0,한차례
중급,0,한참00/한참
중급,0,한창02/한창01
중급,0,한층
고급,0,한탄
고급,0,한탕
초급,0,한턱
고급,0,한파
중급,0,한편
고급,0,한하다
초급,0,할머니
중급,0,할부
초급,0,할아버지
초급,0,할인
중급,0,할인점
고급,0,할퀴다
고급,0,핥다
고급,0,함
초급,0,함께
고급,0,함께하다
고급,0,함박눈
중급,0,함부로
고급,0,함성
고급,0,함정
고급,0,함축
고급,0,함흥차사
중급,0,합격
중급,0,합격자
중급,0,합계
고급,0,합당하다01
고급,0,합동
고급,0,합류
고급,0,합리
중급,0,합리적01/합리적02
고급,0,합법적01/합법적02
고급,0,합성
중급,0,합의
고급,0,합창
중급,0,합치다
중급,0,합하다
초급,0,항공
초급,0,항공권
고급,0,항공기
중급,0,항공료
고급,0,항공사
고급,0,항구
고급,0,항로
고급,0,항목
고급,0,항문
초급,0,항상
고급,0,항생제
고급,0,항아리
고급,0,항암
중급,0,항의
초급,0,해01
초급,0,해01/해02
중급,0,해03
중급,0,해결
중급,0,해결책
고급,0,해고
고급,0,해군
중급,0,해내다
고급,0,해답
중급,0,해당
고급,0,해독02
고급,0,해독03
중급,0,해돋이
중급,0,해롭다
초급,0,해마다
고급,0,해명
중급,0,해물
고급,0,해박하다
고급,0,해발
중급,0,해방
중급,0,해변
중급,0,해산물
고급,0,해상
중급,0,해석
고급,0,해석00
중급,0,해설
중급,0,해소
고급,0,해수욕
중급,0,해수욕장
중급,0,해안
고급,0,해약
고급,0,해양
고급,0,해열제
초급,0,해외
초급,0,해외여행
고급,0,해일
고급,0,해저
고급,0,해제
고급,0,해직
고급,0,해체02
중급,0,해치다
고급,0,해킹
고급,0,해학적01/해학적02
고급,0,핵
고급,0,핵가족
고급,0,핵가족화00
중급,0,핵심
고급,0,핵심적01/핵심적02
중급,0,핸드백
초급,0,햄버거
고급,0,햅쌀
고급,0,햇곡식
중급,0,햇볕
초급,0,햇빛
중급,0,햇살
고급,0,행
중급,0,-행
초급,0,행동
고급,0,행렬
고급,0,행방
초급,0,행복
초급,0,행사01
중급,0,행사02
중급,0,행사장
고급,0,행세
중급,0,행운
중급,0,행위
고급,0,행인
고급,0,행적
중급,0,행정
고급,0,행정부
고급,0,행진
중급,0,행하다
중급,0,향
중급,0,향기
고급,0,향기롭다
중급,0,향상
중급,0,향수
고급,0,향수00
중급,0,향하다
고급,0,향후
중급,0,허가
고급,0,허겁지겁
고급,0,허공
고급,0,허구
고급,0,허기
고급,0,허둥지둥
중급,0,허락
고급,0,허름하다
초급,0,허리
중급,0,허리띠
고급,0,허망
고급,0,허무
고급,0,허물다02
중급,0,허벅지
고급,0,허비
고급,0,허술하다
고급,0,허옇다
중급,0,허용
고급,0,허위
고급,0,허전하다
고급,0,허점
고급,0,허탈
고급,0,허파
중급,0,허허
중급,0,헌
고급,0,헌법
고급,0,헌신
고급,0,헌신적01/헌신적02
고급,0,헌혈
고급,0,헐값
고급,0,헐다02
고급,0,헐뜯다
고급,0,헐렁하다
고급,0,헐레벌떡
고급,0,험난하다
고급,0,험담
고급,0,험악하다
중급,0,험하다
고급,0,헛걸음
고급,0,헛되다
고급,0,헛되이
고급,0,헛디디다
고급,0,헛소문
고급,0,헛수고
중급,0,헤매다
중급,0,헤아리다
고급,0,헤어나다
초급,0,헤어지다
중급,0,헤엄치다
고급,0,헤집다
고급,0,헤치다
고급,0,헤프다
초급,0,헬스클럽
고급,0,헷갈리다
고급,0,헹구다
초급,0,혀
고급,0,혁명
고급,0,혁신
고급,0,혁신적01/혁신적02
고급,0,현
중급,0,현관
초급,0,현금
고급,0,현기증
중급,0,현대
중급,0,현대인
중급,0,현대적01/현대적02
고급,0,현명하다
고급,0,현모양처
중급,0,현상02
중급,0,현실
고급,0,현실성
중급,0,현실적01/현실적02
고급,0,현안
중급,0,현장
초급,0,현재02/현재01
고급,0,현저하다
고급,0,현저히
고급,0,현지
고급,0,현직
고급,0,현황
고급,0,혈관
고급,0,혈압
고급,0,혈액
고급,0,혈액형
고급,0,혈연
고급,0,혐오
고급,0,혐의
고급,0,협동
고급,0,협동심
중급,0,협력
고급,0,협박
고급,0,협상
고급,0,협약
고급,0,협의00
고급,0,협정
중급,0,협조01
고급,0,협조02
고급,0,협회
초급,0,형01
고급,0,-형01
중급,0,-형02
고급,0,형광등
중급,0,형님
고급,0,형부
고급,0,형사
고급,0,형상
중급,0,형성
중급,0,형식01
고급,0,형식적01/형식적02
고급,0,형용사
고급,0,형용하다
초급,0,형제
중급,0,형태
중급,0,형편
고급,0,형편없다
중급,0,혜택
고급,0,-호
고급,0,호00/호01
초급,0,호04
중급,0,호감
중급,0,호기심
고급,0,호되다
중급,0,호두
고급,0,호들갑
초급,0,호랑이
중급,0,호박
고급,0,호소
고급,0,호소00
초급,0,호수02
중급,0,호실
고급,0,호우
고급,0,호응
고급,0,호의
고급,0,호의적01/호의적02
고급,0,호전
고급,0,호젓하다
고급,0,호조00
중급,0,호주머니
고급,0,호출
고급,0,호칭
고급,0,호칭어00
초급,0,호텔
고급,0,호평
고급,0,호프
고급,0,호화
고급,0,호황
중급,0,호흡
고급,0,호흡기
초급,0,혹시
고급,0,혹시나
중급,0,혹은
고급,0,혹평
고급,0,혼
중급,0,혼나다
중급,0,혼내다
고급,0,혼동
고급,0,혼란
고급,0,혼란스럽다
고급,0,혼례
고급,0,혼인
초급,0,혼자01/혼자02
고급,0,혼잡
고급,0,혼잣말
고급,0,혼합
고급,0,홀가분하다
고급,0,홀로
중급,0,홀수
고급,0,홈런
중급,0,홈페이지
중급,0,홍보
고급,0,홍색
중급,0,홍수
초급,0,홍차
고급,0,화00
초급,0,화01
중급,0,-화01
중급,0,화02
고급,0,-화03
초급,0,화가
초급,0,화나다
초급,0,화내다
고급,0,화두
초급,0,화려하다
중급,0,화면
고급,0,화목
고급,0,화물
고급,0,화법
중급,0,화분
고급,0,화사하다
고급,0,화산
고급,0,화살
고급,0,화상
초급,0,화요일
고급,0,화자
중급,0,화장01
고급,0,화장02
중급,0,화장대
초급,0,화장실
중급,0,화장지
초급,0,화장품
중급,0,화재
중급,0,화제
중급,0,화창하다
고급,0,화초
중급,0,화폐
고급,0,화학
고급,0,화합02
중급,0,화해
중급,0,확
고급,0,확고하다
중급,0,확대02
고급,0,확률
고급,0,확립
중급,0,확보
중급,0,확산
중급,0,확신
중급,0,확실하다
중급,0,확실히
고급,0,확연히
중급,0,확인
중급,0,확장
고급,0,확정
고급,0,확충
고급,0,환갑
중급,0,환경
고급,0,환기
중급,0,환불
중급,0,환상
중급,0,환상적01/환상적02
중급,0,환승역
초급,0,환영02
중급,0,환영회
고급,0,환원
중급,0,환율
초급,0,환자
초급,0,환전
고급,0,환절기
중급,0,환하다
고급,0,환호
고급,0,환희
고급,0,환히
고급,0,활
중급,0,활기
고급,0,활기차다00
중급,0,활동
중급,0,활동적01/활동적02
고급,0,활력
고급,0,활력소
중급,0,활발하다
중급,0,활발히
고급,0,활성화
고급,0,활약
중급,0,활용
고급,0,활자
중급,0,활짝
고급,0,황금
고급,0,황금기
고급,0,황급히
고급,0,황당하다
고급,0,황량하다
고급,0,황사
고급,0,황색
고급,0,황제
고급,0,황혼
고급,0,-회
초급,0,회01
중급,0,회02
고급,0,회갑
고급,0,회갑연
고급,0,회견
고급,0,회계
중급,0,회담
중급,0,회복
고급,0,회복세
중급,0,회비
초급,0,회사
초급,0,회사원
고급,0,회상
초급,0,회색
고급,0,회수
중급,0,회식
초급,0,회원
고급,0,회원국
초급,0,회의01
고급,0,회의02
중급,0,회의실
고급,0,회의적01/회의적02
중급,0,회장01
고급,0,회전
고급,0,회피
중급,0,회화01
고급,0,획기적00/획기적00
고급,0,획득
고급,0,획일적01/획일적02
중급,0,횟수
고급,0,횡단
초급,0,횡단보도
고급,0,횡설수설
고급,0,효
중급,0,효과
중급,0,효과적01/효과적02
고급,0,효녀
고급,0,효능
중급,0,효도
고급,0,효력
고급,0,효용
고급,0,효율
중급,0,효율적01/효율적02
중급,0,효자
초급,0,후02
고급,0,후각
고급,0,후기02
고급,0,후대02
고급,0,후련하다
중급,0,후반
고급,0,후반부
초급,0,후배
중급,0,후보
고급,0,후보자
고급,0,후속
고급,0,후손
중급,0,후식
고급,0,후원01
고급,0,후원자
고급,0,후유증
고급,0,후일
고급,0,후임
고급,0,후자
고급,0,후진
중급,0,후추
고급,0,후퇴
고급,0,후하다
중급,0,후회
중급,0,후회스럽다
중급,0,훈련
고급,0,훈훈하다
초급,0,훌륭하다
고급,0,훌쩍
고급,0,훑다
고급,0,훑어보다
고급,0,훔쳐보다
고급,0,훔치다01
중급,0,훔치다02
고급,0,훗날
고급,0,훤하다
고급,0,훤히
초급,0,훨씬
고급,0,훨훨
고급,0,훼손
고급,0,휘감다
고급,0,휘날리다
고급,0,휘다
고급,0,휘두르다
고급,0,휘말리다
고급,0,휘발유
고급,0,휘젓다
고급,0,휙
고급,0,휩싸이다
고급,0,휩쓸다
고급,0,휩쓸리다
초급,0,휴가
중급,0,휴가철
고급,0,휴게소
초급,0,휴게실
중급,0,휴대
고급,0,휴대용
초급,0,휴대폰
고급,0,휴무
중급,0,휴식
중급,0,휴양지
초급,0,휴일
고급,0,휴전
초급,0,휴지
초급,0,휴지통
고급,0,휴직
중급,0,휴학
중급,0,흉내
고급,0,흉하다
고급,0,흐느끼다
초급,0,흐르다
중급,0,흐름
고급,0,흐리다01
초급,0,흐리다02
고급,0,흐릿하다
고급,0,흐뭇하다
고급,0,흐트러지다
중급,0,흑백
고급,0,흑색
고급,0,흑자
초급,0,흔들다
중급,0,흔들리다
중급,0,흔적
중급,0,흔하다
중급,0,흔히
고급,0,흘기다
중급,0,흘러가다
중급,0,흘러나오다
중급,0,흘러내리다
고급,0,흘러들다
초급,0,흘리다
중급,0,흙
고급,0,흠01
고급,0,흠뻑
고급,0,흡사
중급,0,흡수
고급,0,흡연
고급,0,흥01
고급,0,흥겹다
중급,0,흥미
중급,0,흥미롭다
고급,0,흥미진진하다
중급,0,흥분
고급,0,흥얼거리다
고급,0,흥청망청
고급,0,흥행
고급,0,흩날리다
중급,0,흩어지다
고급,0,희귀하다
중급,0,희다00
고급,0,희로애락
초급,0,희망
고급,0,희미하다
고급,0,희박하다
중급,0,희생
고급,0,희소식
고급,0,희한하다
초급,0,흰색
고급,0,힌트
고급,0,힐끔거리다
고급,0,힐끗
초급,0,힘
고급,0,힘겹다
중급,0,힘껏
초급,0,힘들다
중급,0,힘쓰다
고급,0,힘없다
중급,0,힘없이
고급,0,힘입다
고급,0,힘주다
중급,0,힘차다
